{
"type": "FeatureCollection",
"name": "init_2021",
"crs": { "type": "name", "properties": { "name": "urn:ogc:def:crs:EPSG::27571" } },
"features": [
{ "type": "Feature", "properties": { "bikenet_hierarchy": "primary", "road_hierarchy": "primary", "length": 829.41156391319123 }, "geometry": { "type": "LineString", "coordinates": [ [ 601691.258117480902001, 1124265.76903268112801 ], [ 601685.617001082748175, 1124295.502550232689828 ], [ 601681.969406877760775, 1124313.560540201608092 ], [ 601671.21848394908011, 1124365.021272273501381 ], [ 601656.797547551454045, 1124437.131010333076119 ], [ 601654.44437816424761, 1124448.784207682823762 ], [ 601647.37058626068756, 1124482.553949231514707 ], [ 601633.906782609061338, 1124547.902991511160508 ], [ 601629.340356321888976, 1124570.519998731324449 ], [ 601616.310235355747864, 1124635.769124739337713 ], [ 601613.295577615615912, 1124650.268900927389041 ], [ 601607.99304240080528, 1124679.991469661006704 ], [ 601605.44129335321486, 1124693.535050393547863 ], [ 601603.779859949368984, 1124700.551375549752265 ], [ 601597.678418163210154, 1124725.436480743810534 ], [ 601595.52453031449113, 1124734.287489413749427 ], [ 601592.664576539886184, 1124747.352825031615794 ], [ 601566.475878809695132, 1124871.61285441997461 ], [ 601563.932050872943364, 1124883.733081345446408 ], [ 601560.895637666340917, 1124898.232879106188193 ], [ 601555.227231864002533, 1124925.253209311049432 ], [ 601550.742529792711139, 1124946.669329033466056 ], [ 601547.985564086819068, 1124959.812555627897382 ], [ 601535.162636924418621, 1125026.051611437695101 ], [ 601533.214574555400759, 1125034.813737868331373 ], [ 601526.422707119607367, 1125063.212689837440848 ], [ 601523.870993900345638, 1125078.035119575448334 ] ] } },
{ "type": "Feature", "properties": { "bikenet_hierarchy": "primary", "road_hierarchy": "primary", "length": 596.22080280898103 }, "geometry": { "type": "LineString", "coordinates": [ [ 601394.698134222300723, 1125659.341679980047047 ], [ 601422.533429196453653, 1125580.771553435130045 ], [ 601426.06132816337049, 1125564.926271118689328 ], [ 601451.657971510314383, 1125433.882183647714555 ], [ 601464.352296717232093, 1125374.882101070368662 ], [ 601473.997125392896123, 1125327.01249339315109 ], [ 601476.099635641556233, 1125316.448928576894104 ], [ 601488.008885389426723, 1125257.482056769076735 ], [ 601493.750617506797425, 1125228.259897269308567 ], [ 601496.176448614918627, 1125216.951376578770578 ], [ 601511.298963372129947, 1125141.616588583681732 ], [ 601513.01184499822557, 1125133.454878630116582 ], [ 601521.797266444074921, 1125090.122129877097905 ], [ 601523.870993900345638, 1125078.035119575448334 ] ] } },
{ "type": "Feature", "properties": { "bikenet_hierarchy": "secondary", "road_hierarchy": "tertiary", "length": 728.29107574348473 }, "geometry": { "type": "LineString", "coordinates": [ [ 601394.698134222300723, 1125659.341679980047047 ], [ 601363.045948892482556, 1125605.643947628326714 ], [ 601360.961492998059839, 1125603.330471303313971 ], [ 601350.349772497662343, 1125585.513555059442297 ], [ 601325.860965271363966, 1125541.772470473311841 ], [ 601312.468056104844436, 1125517.216200338210911 ], [ 601311.264516983414069, 1125515.036384725710377 ], [ 601304.300163863692433, 1125502.21331718727015 ], [ 601252.826457694172859, 1125405.612629380077124 ], [ 601248.878159703803249, 1125398.194660322042182 ], [ 601212.491753013804555, 1125329.453506686957553 ], [ 601205.849975690827705, 1125316.663990566041321 ], [ 601192.198176257428713, 1125296.200157303595915 ], [ 601186.216229561134242, 1125287.614202576456591 ], [ 601181.335497476044111, 1125279.350962103810161 ], [ 601141.435567423701286, 1125222.730479448568076 ], [ 601133.30276327917818, 1125211.430851759389043 ], [ 601119.988387302844785, 1125189.855251049855724 ], [ 601107.290477619390003, 1125169.169408678077161 ], [ 601098.864080660161562, 1125156.590962721034884 ], [ 601090.900024831760675, 1125144.957825789460912 ], [ 601082.444209802430123, 1125132.24595791939646 ], [ 601037.910996897146106, 1125065.750700531760231 ], [ 601025.674438460264355, 1125048.601322604808956 ], [ 601017.665949486312456, 1125037.368607028387487 ] ] } },
{ "type": "Feature", "properties": { "bikenet_hierarchy": "secondary", "road_hierarchy": "tertiary", "length": 445.4516144328523 }, "geometry": { "type": "LineString", "coordinates": [ [ 600770.241299539920874, 1124666.96452393499203 ], [ 600775.416951717226766, 1124674.815997238503769 ], [ 600786.561129824607633, 1124691.286351225106046 ], [ 600883.184755493886769, 1124837.540611552540213 ], [ 600888.323401806876063, 1124845.214262807974592 ], [ 600911.53522679687012, 1124879.856967137428001 ], [ 600915.212972533074208, 1124885.361994822742417 ], [ 600958.185559852630831, 1124949.509667922277004 ], [ 600964.175509980646893, 1124958.451221605762839 ], [ 601009.29039808048401, 1125025.635434498311952 ], [ 601017.665949486312456, 1125037.368607028387487 ] ] } },
{ "type": "Feature", "properties": { "bikenet_hierarchy": "secondary", "road_hierarchy": "secondary", "length": 71.018822263263559 }, "geometry": { "type": "LineString", "coordinates": [ [ 595452.097482485347427, 1127405.145626750774682 ], [ 595443.647233260096982, 1127410.523675870150328 ], [ 595435.974570523714647, 1127415.445164220640436 ], [ 595407.235013459692709, 1127433.639490178087726 ], [ 595391.690812052460387, 1127442.459696200210601 ] ] } },
{ "type": "Feature", "properties": { "bikenet_hierarchy": "primary", "road_hierarchy": "quaternary", "length": 141.38656946493879 }, "geometry": { "type": "LineString", "coordinates": [ [ 600966.308325186371803, 1128624.628554734867066 ], [ 600972.831920726806857, 1128621.560488311341032 ], [ 600978.33552057063207, 1128618.981543227797374 ], [ 601005.523384734173305, 1128606.209164177533239 ], [ 601058.380497162812389, 1128581.25389600568451 ], [ 601087.476714799297042, 1128567.414737411541864 ], [ 601094.147218710160814, 1128564.235640547936782 ] ] } },
{ "type": "Feature", "properties": { "bikenet_hierarchy": "primary", "road_hierarchy": "quaternary", "length": 405.76632880018042 }, "geometry": { "type": "LineString", "coordinates": [ [ 601475.621524631860666, 1128429.17804953455925 ], [ 601464.878007090534084, 1128432.933889804175124 ], [ 601417.574288620380685, 1128449.980247807921842 ], [ 601401.943430902436376, 1128455.614303380716592 ], [ 601390.458816379192285, 1128459.714830605313182 ], [ 601356.467390363570303, 1128471.860982946120203 ], [ 601284.089439890463836, 1128497.276064102072269 ], [ 601274.300294481683522, 1128500.09839856904 ], [ 601250.01861156988889, 1128505.508576669963077 ], [ 601170.002455371548422, 1128533.95929014403373 ], [ 601105.977112743421458, 1128555.686522530391812 ], [ 601101.266022215248086, 1128557.387002720730379 ], [ 601094.147218710160814, 1128564.235640547936782 ] ] } },
{ "type": "Feature", "properties": { "bikenet_hierarchy": "primary", "road_hierarchy": "secondary", "length": 893.82918414756625 }, "geometry": { "type": "LineString", "coordinates": [ [ 601901.056448537507094, 1131139.873110163025558 ], [ 601884.885975526063703, 1130914.218666216824204 ], [ 601846.258838667999953, 1130834.852963327197358 ], [ 601841.246137146488763, 1130821.940902938367799 ], [ 601836.416803659521975, 1130808.951065570348874 ], [ 601824.977886043488979, 1130776.276532177114859 ], [ 601799.628335615736432, 1130709.303219689521939 ], [ 601771.498996183392592, 1130639.938336372142658 ], [ 601766.998706088983454, 1130629.217162205837667 ], [ 601761.377268283395097, 1130614.903852655086666 ], [ 601745.092889419873245, 1130593.804012175183743 ], [ 601730.876233162009157, 1130598.881562525173649 ], [ 601721.691943382029422, 1130602.036889625014737 ], [ 601686.041507836198434, 1130611.100239709252492 ], [ 601675.96989960805513, 1130613.710495698731393 ], [ 601611.711353921797127, 1130630.372144516091794 ], [ 601596.05755339958705, 1130634.459947456372902 ], [ 601590.346332092420198, 1130624.917309766868129 ], [ 601565.438038521097042, 1130567.586320634465665 ], [ 601562.051211880869232, 1130560.513011054834351 ], [ 601558.664485655608587, 1130553.039379979483783 ], [ 601544.523324387148023, 1130523.244796834886074 ], [ 601539.745496546616778, 1130506.096315001137555 ], [ 601536.021884701331146, 1130496.420827327296138 ], [ 601531.410944020957686, 1130485.888856961159036 ] ] } },
{ "type": "Feature", "properties": { "bikenet_hierarchy": "primary", "road_hierarchy": "primary", "length": 200.73211142726507 }, "geometry": { "type": "LineString", "coordinates": [ [ 601424.501332435756922, 1130655.109797003678977 ], [ 601434.704024938168004, 1130637.263987144455314 ], [ 601447.325193872093223, 1130616.772813913412392 ], [ 601462.287506513879634, 1130591.556223645806313 ], [ 601471.408599847229198, 1130576.913386137923226 ], [ 601482.523722915211692, 1130566.652398540172726 ], [ 601509.256513493601233, 1130523.12418842012994 ], [ 601526.186019803513773, 1130494.683460526168346 ], [ 601531.410944020957686, 1130485.888856961159036 ] ] } },
{ "type": "Feature", "properties": { "bikenet_hierarchy": "primary", "road_hierarchy": "primary", "length": 303.31562625952347 }, "geometry": { "type": "LineString", "coordinates": [ [ 601424.675259999581613, 1130202.031891989987344 ], [ 601428.758353387471288, 1130213.108527065254748 ], [ 601467.425899851834401, 1130318.303318612510338 ], [ 601469.361083597643301, 1130323.519141326891258 ], [ 601488.287461621453986, 1130374.965608663856983 ], [ 601491.77641066419892, 1130385.030206686584279 ], [ 601496.892957218922675, 1130398.17549971328117 ], [ 601516.082793486653827, 1130449.977973909350112 ], [ 601526.844278125092387, 1130474.300492739537731 ], [ 601531.410944020957686, 1130485.888856961159036 ] ] } },
{ "type": "Feature", "properties": { "bikenet_hierarchy": "primary", "road_hierarchy": "primary", "length": 756.4876952467049 }, "geometry": { "type": "LineString", "coordinates": [ [ 601912.468184683239087, 1129832.931555188493803 ], [ 601905.076895946753211, 1129844.827581472927704 ], [ 601897.689771555364132, 1129866.320266319904476 ], [ 601857.121922575752251, 1129934.617654614150524 ], [ 601818.918422467308119, 1129999.024059389252216 ], [ 601812.224697528174147, 1130010.142025312408805 ], [ 601805.318137276917696, 1130021.660255445865914 ], [ 601784.752346814144403, 1130057.271455279551446 ], [ 601775.233005544985645, 1130073.314785737544298 ], [ 601764.576035354984924, 1130091.503959503257647 ], [ 601753.647564731771126, 1130110.193474717671052 ], [ 601748.928359340992756, 1130118.098415963118896 ], [ 601742.374359421548434, 1130129.00522717484273 ], [ 601727.189098155475222, 1130155.388604453066364 ], [ 601714.110730552696623, 1130176.902052206685767 ], [ 601705.824658338795416, 1130191.277857600711286 ], [ 601644.206069354317151, 1130295.266069854609668 ], [ 601638.892688289168291, 1130304.316304026404396 ], [ 601628.860626012668945, 1130320.704461767105386 ], [ 601608.414930266793817, 1130354.603854422457516 ], [ 601600.511033949209377, 1130368.257118278183043 ], [ 601587.815180135890841, 1130389.459608312463388 ], [ 601586.685017521260306, 1130391.405312040355057 ], [ 601544.099073022953235, 1130464.508314062375575 ], [ 601540.760103309294209, 1130470.056343937059864 ], [ 601531.410944020957686, 1130485.888856961159036 ] ] } },
{ "type": "Feature", "properties": { "bikenet_hierarchy": "secondary", "road_hierarchy": "quaternary", "length": 374.32267745815011 }, "geometry": { "type": "LineString", "coordinates": [ [ 600793.818284724722616, 1129655.647468403214589 ], [ 600795.107908740756102, 1129667.145825922954828 ], [ 600796.205865883152001, 1129685.494140135124326 ], [ 600796.877612498123199, 1129709.102204856229946 ], [ 600819.617331436951645, 1129778.072179101407528 ], [ 600820.445456994348206, 1129784.154989223927259 ], [ 600823.514566328609362, 1129817.715880579315126 ], [ 600824.445302811451256, 1129824.388070919085294 ], [ 600836.623804530245252, 1130025.574644774431363 ] ] } },
{ "type": "Feature", "properties": { "bikenet_hierarchy": "primary", "road_hierarchy": "primary", "length": 277.80693377540928 }, "geometry": { "type": "LineString", "coordinates": [ [ 601424.501332435756922, 1130655.109797003678977 ], [ 601407.757937353570014, 1130687.831527747912332 ], [ 601400.198235342861153, 1130707.690177245531231 ], [ 601366.092379458597861, 1130765.57320471922867 ], [ 601358.086844093282707, 1130779.816155374515802 ], [ 601305.660636271815747, 1130867.252481997944415 ], [ 601296.760575259104371, 1130881.550918991444632 ], [ 601288.747760904487222, 1130897.095019791973755 ] ] } },
{ "type": "Feature", "properties": { "bikenet_hierarchy": "primary", "road_hierarchy": "primary", "length": 686.19643583154618 }, "geometry": { "type": "LineString", "coordinates": [ [ 600951.328436327516101, 1131491.132247603032738 ], [ 600956.932097313459963, 1131451.846667394740507 ], [ 600979.964519982575439, 1131416.876961218658835 ], [ 600985.378522955346853, 1131407.258987173903733 ], [ 601056.428743352880701, 1131287.341172879328951 ], [ 601059.774085695855319, 1131281.692771413363516 ], [ 601088.47358004655689, 1131234.849100402090698 ], [ 601094.40881180181168, 1131224.486284030834213 ], [ 601133.850095577887259, 1131157.295102736447006 ], [ 601149.895285562961362, 1131130.543307293904945 ], [ 601158.74297014111653, 1131117.523435256909579 ], [ 601174.135369787109084, 1131092.128231488866732 ], [ 601217.59966877871193, 1131016.075745425187051 ], [ 601229.302166154142469, 1130996.529090450610965 ], [ 601237.519735133042559, 1130982.37496000668034 ], [ 601242.03201659489423, 1130974.892102560261264 ], [ 601273.757728666067123, 1130922.312072438420728 ], [ 601284.286731571075507, 1130904.411049120593816 ], [ 601288.747760904487222, 1130897.095019791973755 ] ] } },
{ "type": "Feature", "properties": { "bikenet_hierarchy": "secondary", "road_hierarchy": "quaternary", "length": 229.80578066388313 }, "geometry": { "type": "LineString", "coordinates": [ [ 599828.231308187358081, 1130058.172207650495693 ], [ 599824.754711748915724, 1130070.34885967313312 ], [ 599818.777038558502682, 1130090.887934487080202 ], [ 599808.472038476145826, 1130125.483011795673519 ], [ 599799.604903979692608, 1130159.544277348089963 ], [ 599769.542111331713386, 1130266.699019316351041 ], [ 599761.715824616490863, 1130277.285760832717642 ] ] } },
{ "type": "Feature", "properties": { "bikenet_hierarchy": "secondary", "road_hierarchy": "secondary", "length": 156.54636138526735 }, "geometry": { "type": "LineString", "coordinates": [ [ 599721.747161605861038, 1130428.432406094158068 ], [ 599723.44123039173428, 1130422.505291777662933 ], [ 599755.885882114525884, 1130308.366750063374639 ], [ 599758.548167904256843, 1130300.19333433965221 ], [ 599761.715824616490863, 1130277.285760832717642 ] ] } },
{ "type": "Feature", "properties": { "bikenet_hierarchy": "secondary", "road_hierarchy": "secondary", "length": 249.29758224986557 }, "geometry": { "type": "LineString", "coordinates": [ [ 599653.650183233898133, 1130668.230729445116594 ], [ 599656.31928632769268, 1130657.366200282704085 ], [ 599659.171717833727598, 1130645.745492577087134 ], [ 599661.437637249589898, 1130637.894541525980458 ], [ 599689.127857119659893, 1130542.226434907875955 ], [ 599691.056519075646065, 1130535.420807455666363 ], [ 599692.831165433279239, 1130528.848712787264958 ], [ 599709.16276548395399, 1130472.479888720437884 ], [ 599712.220838874345645, 1130461.704322938807309 ], [ 599720.22910464333836, 1130433.770145051646978 ], [ 599721.747161605861038, 1130428.432406094158068 ] ] } },
{ "type": "Feature", "properties": { "bikenet_hierarchy": "primary", "road_hierarchy": "primary", "length": 739.6678125340419 }, "geometry": { "type": "LineString", "coordinates": [ [ 600959.970804789452814, 1132230.742502119857818 ], [ 600959.94276843953412, 1132222.858348255977035 ], [ 600959.697160647134297, 1132155.615077019203454 ], [ 600959.811259932816029, 1132130.605995878810063 ], [ 600959.652252691914327, 1132116.494565685978159 ], [ 600959.484663278795779, 1132109.989280967507511 ], [ 600951.328436327516101, 1131491.132247603032738 ] ] } },
{ "type": "Feature", "properties": { "bikenet_hierarchy": "primary", "road_hierarchy": "primary", "length": 1321.7810907439261 }, "geometry": { "type": "LineString", "coordinates": [ [ 599694.86026090872474, 1131506.750083015067503 ], [ 599727.509237126796506, 1131493.470668352441862 ], [ 599739.939694456523284, 1131489.199833267601207 ], [ 599829.99644811404869, 1131446.672215363243595 ], [ 599837.249457046738826, 1131443.41373911080882 ], [ 599894.078430901048705, 1131417.746629478642717 ], [ 599920.670681315008551, 1131406.192148332251236 ], [ 599975.952970815356821, 1131380.336876086890697 ], [ 600029.314299496123567, 1131357.228828916326165 ], [ 600037.161591496202163, 1131353.8816517686937 ], [ 600052.870871895924211, 1131347.165090705500916 ], [ 600057.447251359466463, 1131346.030842775478959 ], [ 600087.787811086280271, 1131339.069770992267877 ], [ 600103.453180418582633, 1131333.543203972978517 ], [ 600110.501131584402174, 1131331.864138443022966 ], [ 600219.909938727854751, 1131305.789736733073369 ], [ 600229.950251433183439, 1131303.488189429976046 ], [ 600245.219674039515667, 1131302.365570606198162 ], [ 600320.48732999630738, 1131326.688362231943756 ], [ 600340.281504969345406, 1131330.570271622156724 ], [ 600383.895769576658495, 1131344.028033439535648 ], [ 600395.827873401227407, 1131347.620553483953699 ], [ 600404.269081789418124, 1131350.067505889339373 ], [ 600532.748906370485201, 1131389.208802282577381 ], [ 600544.29213413130492, 1131392.64592774072662 ], [ 600571.866770750377327, 1131400.632680763490498 ], [ 600578.99510170170106, 1131402.623852818273008 ], [ 600645.393876084475778, 1131421.746025981614366 ], [ 600650.76943579223007, 1131423.092137165833265 ], [ 600670.900153434253298, 1131429.088085980387405 ], [ 600735.501303338911384, 1131449.879155788570642 ], [ 600743.436253547319211, 1131451.681598039111122 ], [ 600769.653765797615051, 1131458.056754257064313 ], [ 600780.771536132437177, 1131460.026465514441952 ], [ 600951.328436327516101, 1131491.132247603032738 ] ] } },
{ "type": "Feature", "properties": { "bikenet_hierarchy": "primary", "road_hierarchy": "primary", "length": 730.94059817365803 }, "geometry": { "type": "LineString", "coordinates": [ [ 601677.978574627544731, 1131540.082078821025789 ], [ 601668.642655298230238, 1131540.557504887925461 ], [ 601661.477494662860408, 1131541.078058718936518 ], [ 601598.086617324384861, 1131535.78903905954212 ], [ 601544.72829885117244, 1131529.825120548252016 ], [ 601441.626717228908092, 1131518.377901068422943 ], [ 601430.619072486297227, 1131517.340975905535743 ], [ 601403.763697027578019, 1131514.53207926126197 ], [ 601393.489420240046456, 1131513.4509270361159 ], [ 601378.778289185720496, 1131512.15744544682093 ], [ 601224.216628286638297, 1131494.00787277915515 ], [ 601180.640503150993027, 1131489.161562638124451 ], [ 601094.426724646124057, 1131479.581351128872484 ], [ 601083.463004535064101, 1131478.200402757152915 ], [ 601075.190681177307852, 1131477.309257866116241 ], [ 600951.328436327516101, 1131491.132247603032738 ] ] } },
{ "type": "Feature", "properties": { "bikenet_hierarchy": "primary", "road_hierarchy": "primary", "length": 763.22343574766751 }, "geometry": { "type": "LineString", "coordinates": [ [ 600692.684610347030684, 1125572.410069675417617 ], [ 600702.765122589305975, 1125568.241204079473391 ], [ 600773.130897653871216, 1125539.148594206897542 ], [ 600785.582997222663835, 1125534.135060535045341 ], [ 600800.472716298652813, 1125527.898671796079725 ], [ 600871.338880905183032, 1125497.951129897730425 ], [ 600879.092154240002856, 1125495.038814003579319 ], [ 600887.219938471680507, 1125491.626160502433777 ], [ 600948.967517997371033, 1125468.250229597091675 ], [ 600967.20372140663676, 1125472.38989574695006 ], [ 601056.229580833110958, 1125513.0826951416675 ], [ 601152.668200262007304, 1125558.682364857988432 ], [ 601173.017214860301465, 1125568.372065024217591 ], [ 601184.740640476695262, 1125573.8677864135243 ], [ 601203.577228918089531, 1125583.301527112023905 ], [ 601307.419743622653186, 1125634.498855227371678 ], [ 601310.20187182049267, 1125635.856140466872603 ], [ 601319.76685043098405, 1125640.317487447988242 ], [ 601394.698134222300723, 1125659.341679980047047 ] ] } },
{ "type": "Feature", "properties": { "bikenet_hierarchy": "primary", "road_hierarchy": "primary", "length": 1307.7623260048019 }, "geometry": { "type": "LineString", "coordinates": [ [ 602557.992520295316353, 1126210.956725409487262 ], [ 602544.387472009286284, 1126200.486556654563174 ], [ 602530.694581729592755, 1126189.34917544061318 ], [ 602494.58934843656607, 1126163.445502533344552 ], [ 602404.671503098681569, 1126111.96490883664228 ], [ 602384.099447603570297, 1126101.392095105955377 ], [ 602376.789479402592406, 1126097.652661875123158 ], [ 602312.922582022147253, 1126064.165784633951262 ], [ 602255.850556177552789, 1126035.997759633464739 ], [ 602243.850383440847509, 1126030.077094390522689 ], [ 602237.633771857596003, 1126027.005484898108989 ], [ 602231.013507605413906, 1126023.655720667447895 ], [ 602092.03012841171585, 1125953.379238412715495 ], [ 602074.260463129030541, 1125944.799110675230622 ], [ 602066.084069950389676, 1125940.392564896959811 ], [ 601986.417380250524729, 1125900.954470303608105 ], [ 601974.372664207941853, 1125894.789731713477522 ], [ 601959.274375844746828, 1125887.500834861770272 ], [ 601870.18212916480843, 1125841.622629852499813 ], [ 601859.788733294699341, 1125836.081409765640274 ], [ 601847.824521277681924, 1125829.816892039962113 ], [ 601658.374294045148417, 1125734.159066398628056 ], [ 601647.995122034917586, 1125728.773929902352393 ], [ 601599.48979247326497, 1125705.096558756195009 ], [ 601579.87625153711997, 1125695.116369970142841 ], [ 601573.806066360441037, 1125690.800094626611099 ], [ 601505.363263026229106, 1125657.098882690537721 ], [ 601495.013027219101787, 1125652.236685987329111 ], [ 601476.779062567627989, 1125643.235792313702404 ], [ 601461.972084316541441, 1125639.90708697703667 ], [ 601394.698134222300723, 1125659.341679980047047 ] ] } },
{ "type": "Feature", "properties": { "bikenet_hierarchy": "primary", "road_hierarchy": "primary", "length": 196.58906577040386 }, "geometry": { "type": "LineString", "coordinates": [ [ 600574.931822810671292, 1128145.390234358841553 ], [ 600590.973853492178023, 1128137.696661301422864 ], [ 600690.308394309948198, 1128097.174447367433459 ], [ 600744.254647072288208, 1128075.163126674480736 ], [ 600755.483113828347996, 1128068.125516851898283 ] ] } },
{ "type": "Feature", "properties": { "bikenet_hierarchy": "primary", "road_hierarchy": "primary", "length": 396.86233008416093 }, "geometry": { "type": "LineString", "coordinates": [ [ 601086.20197098958306, 1127850.123323708074167 ], [ 601074.327099039102904, 1127855.79237003182061 ], [ 601053.520359197631478, 1127866.196982328547165 ], [ 601021.183203969267197, 1127885.951648926828057 ], [ 601015.788820154732093, 1127889.175536910770461 ], [ 600963.966434635338373, 1127919.69143911334686 ], [ 600936.605553299421445, 1127938.424372879555449 ], [ 600869.97315720631741, 1127982.27181256795302 ], [ 600860.982829986140132, 1127987.608140878146514 ], [ 600816.470950973103754, 1128020.116996853379533 ], [ 600762.308471564436331, 1128062.310574335744604 ], [ 600755.483113828347996, 1128068.125516851898283 ] ] } },
{ "type": "Feature", "properties": { "bikenet_hierarchy": "secondary", "road_hierarchy": "secondary", "length": 1369.0709411020309 }, "geometry": { "type": "LineString", "coordinates": [ [ 596376.199681266210973, 1129159.324842276750132 ], [ 595975.79930120613426, 1129226.675240978132933 ], [ 595968.177374944789335, 1129227.981919334502891 ], [ 595962.037303116871044, 1129229.053989311680198 ], [ 595826.075526775792241, 1129252.130402650916949 ], [ 595803.701538264635019, 1129256.061830793274567 ], [ 595767.257676984649152, 1129262.461781580233946 ], [ 595760.032186643453315, 1129263.968601580010727 ], [ 595748.126663236995228, 1129266.479882590705529 ], [ 595672.274441679939628, 1129278.237815719330683 ], [ 595660.933568745618686, 1129280.315153080737218 ], [ 595651.059730465640314, 1129282.002141772769392 ], [ 595567.227719953632914, 1129296.336620236979797 ], [ 595492.55777534795925, 1129308.440783997997642 ], [ 595482.910472453339025, 1129308.915794751374051 ], [ 595469.609762011677958, 1129309.682972679613158 ], [ 595462.375757203786634, 1129309.600013818359002 ], [ 595341.04506078758277, 1129295.679638338508084 ], [ 595330.640011073555797, 1129293.742497762432322 ], [ 595306.202471638680436, 1129286.257354277186096 ], [ 595295.231032300391234, 1129282.652750780107453 ], [ 595265.395555452443659, 1129268.967416499974206 ], [ 595256.492764135939069, 1129265.083096175454557 ], [ 595107.576954773394391, 1129180.12324573402293 ], [ 595068.572224120376632, 1129169.560811880975962 ], [ 595058.887387636234052, 1129169.324909466085956 ], [ 595050.098096453584731, 1129169.58861835533753 ] ] } },
{ "type": "Feature", "properties": { "bikenet_hierarchy": "primary", "road_hierarchy": "primary", "length": 305.10963917608302 }, "geometry": { "type": "LineString", "coordinates": [ [ 598523.774426379124634, 1131217.215813654474914 ], [ 598531.615290285786614, 1131219.749032619176432 ], [ 598545.015887472429313, 1131224.071079122601077 ], [ 598549.460813789744861, 1131225.760123356012627 ], [ 598662.862499816343188, 1131262.115405073855072 ], [ 598697.078318992513232, 1131272.148355580866337 ], [ 598702.329885206068866, 1131273.759484244510531 ], [ 598707.933498278725892, 1131275.437252817908302 ], [ 598730.054558146861382, 1131282.159574227174744 ], [ 598762.884046833030879, 1131292.382305738050491 ], [ 598802.864420155412517, 1131304.182664463529363 ], [ 598815.098338818177581, 1131307.805063498672098 ] ] } },
{ "type": "Feature", "properties": { "bikenet_hierarchy": "primary", "road_hierarchy": "primary", "length": 528.30608826792638 }, "geometry": { "type": "LineString", "coordinates": [ [ 599319.54379773628898, 1131464.597473113099113 ], [ 599297.108597011654638, 1131456.149220026796684 ], [ 599281.164232276030816, 1131451.180738887516782 ], [ 599273.038039443898015, 1131448.768817933509126 ], [ 599216.198465306311846, 1131431.696657493244857 ], [ 599180.246298869489692, 1131420.65995827363804 ], [ 599175.325050579267554, 1131419.148403952363878 ], [ 599104.124308862606995, 1131397.131250829203054 ], [ 599094.017716072034091, 1131394.163928432157263 ], [ 599081.036041259998456, 1131390.11847968865186 ], [ 599033.047719086287543, 1131375.348514119163156 ], [ 599027.884354818030261, 1131373.748174967477098 ], [ 599022.222221771837212, 1131371.82545075728558 ], [ 598945.211501673096791, 1131348.410298770060763 ], [ 598866.373686368111521, 1131323.673319949535653 ], [ 598860.095413608243689, 1131321.85097500984557 ], [ 598826.019354044692591, 1131310.96073672012426 ], [ 598815.098338818177581, 1131307.805063498672098 ] ] } },
{ "type": "Feature", "properties": { "bikenet_hierarchy": "primary", "road_hierarchy": "primary", "length": 210.06303784923816 }, "geometry": { "type": "LineString", "coordinates": [ [ 599497.487520605558529, 1131578.6022210016381 ], [ 599510.247568924445659, 1131573.785951311932877 ], [ 599557.217926329467446, 1131555.922662941738963 ], [ 599686.800712398369797, 1131510.053279872518033 ], [ 599694.86026090872474, 1131506.750083015067503 ] ] } },
{ "type": "Feature", "properties": { "bikenet_hierarchy": "primary", "road_hierarchy": "tertiary", "length": 327.29650043266827 }, "geometry": { "type": "LineString", "coordinates": [ [ 602282.608826584299095, 1129819.891170002752915 ], [ 602289.987365080043674, 1129805.337938758544624 ], [ 602396.190909478114918, 1129596.624275436624885 ], [ 602401.734372018137947, 1129585.84012951166369 ], [ 602421.786812575650401, 1129546.027602036483586 ], [ 602427.440650198957883, 1129534.709764172323048 ], [ 602430.898905905080028, 1129528.117030407767743 ] ] } },
{ "type": "Feature", "properties": { "bikenet_hierarchy": "primary", "road_hierarchy": "tertiary", "length": 248.51755301285127 }, "geometry": { "type": "LineString", "coordinates": [ [ 602542.436288336641155, 1129306.263551392126828 ], [ 602539.417952162097208, 1129316.827238457277417 ], [ 602511.426129212719388, 1129372.05938641843386 ], [ 602507.211333682062104, 1129380.186308207921684 ], [ 602502.174187957425602, 1129389.825202663196251 ], [ 602460.357215045252815, 1129471.061418493511155 ], [ 602455.209907125914469, 1129481.345273481449112 ], [ 602451.377122777397744, 1129488.660636218031868 ], [ 602440.128425874630921, 1129510.23988474579528 ], [ 602434.915251000318676, 1129520.323568253777921 ], [ 602430.898905905080028, 1129528.117030407767743 ] ] } },
{ "type": "Feature", "properties": { "bikenet_hierarchy": "secondary", "road_hierarchy": "secondary", "length": 624.95487429903699 }, "geometry": { "type": "LineString", "coordinates": [ [ 602465.828128123073839, 1129257.313194875605404 ], [ 602457.042701349011622, 1129265.082318420056254 ], [ 602397.73942586092744, 1129318.600136236986145 ], [ 602391.097158381482586, 1129324.780099378200248 ], [ 602374.209174808347598, 1129340.040881777415052 ], [ 602306.592193971970119, 1129400.962178904563189 ], [ 602304.493219146621414, 1129402.751659924164414 ], [ 602291.774286246509291, 1129414.455960966646671 ], [ 602279.83345589262899, 1129425.215395994251594 ], [ 602248.781582583091222, 1129453.347950785420835 ], [ 602237.919846798060462, 1129462.918054113630205 ], [ 602198.802885104436427, 1129498.275773160159588 ], [ 602188.0439561085077, 1129508.046176107600331 ], [ 602179.237214870750904, 1129516.060374542605132 ], [ 602115.411496154614724, 1129573.137911477824673 ], [ 602004.541381591116078, 1129678.879981302656233 ] ] } },
{ "type": "Feature", "properties": { "bikenet_hierarchy": "primary", "road_hierarchy": "primary", "length": 179.46997625709486 }, "geometry": { "type": "LineString", "coordinates": [ [ 601912.468184683239087, 1129832.931555188493803 ], [ 601933.336078602820635, 1129798.288380467798561 ], [ 602004.541381591116078, 1129678.879981302656233 ] ] } },
{ "type": "Feature", "properties": { "bikenet_hierarchy": "primary", "road_hierarchy": "secondary", "length": 191.42414664358225 }, "geometry": { "type": "LineString", "coordinates": [ [ 601836.745188456145115, 1129586.996672953944653 ], [ 601863.33511233725585, 1129599.448712753131986 ], [ 601872.364678441197611, 1129603.610595947131515 ], [ 601933.735155674163252, 1129638.770661104936153 ], [ 601954.228252995992079, 1129651.176586329005659 ], [ 602004.541381591116078, 1129678.879981302656233 ] ] } },
{ "type": "Feature", "properties": { "bikenet_hierarchy": "primary", "road_hierarchy": "primary", "length": 575.68930427123007 }, "geometry": { "type": "LineString", "coordinates": [ [ 602390.857885212637484, 1128084.88345533865504 ], [ 602466.39492432679981, 1128093.405545772286132 ], [ 602468.794544439297169, 1128093.384353636996821 ], [ 602478.863537284429185, 1128091.331543383421376 ], [ 602491.818977048038505, 1128083.608770552789792 ], [ 602550.600366350379772, 1128030.83675556932576 ], [ 602554.542383900028653, 1128027.902830130653456 ], [ 602610.704699157504365, 1127991.966107878135517 ], [ 602631.381276680738665, 1127982.701544581679627 ], [ 602649.20245410350617, 1127975.192693552467972 ], [ 602677.923664381611161, 1127962.58493611542508 ], [ 602726.02254188596271, 1127941.646583699155599 ], [ 602737.707594177569263, 1127937.070762221468613 ], [ 602746.361378632485867, 1127933.516537561547011 ], [ 602808.30262210778892, 1127909.683313824934885 ], [ 602814.402044692193158, 1127907.428975516464561 ], [ 602831.305851429933682, 1127901.010023283073679 ], [ 602879.242982405470684, 1127882.841827927855775 ], [ 602892.381477407878265, 1127877.955713361501694 ], [ 602908.852024981519207, 1127872.437504136003554 ] ] } },
{ "type": "Feature", "properties": { "bikenet_hierarchy": "secondary", "road_hierarchy": "secondary", "length": 399.66268161469077 }, "geometry": { "type": "LineString", "coordinates": [ [ 602390.857885212637484, 1128084.88345533865504 ], [ 602449.92947361478582, 1127886.597788175800815 ], [ 602467.081138966488652, 1127832.717220362508669 ], [ 602505.76950237643905, 1127702.106368607841432 ] ] } },
{ "type": "Feature", "properties": { "bikenet_hierarchy": "primary", "road_hierarchy": "secondary", "length": 189.93684690550805 }, "geometry": { "type": "LineString", "coordinates": [ [ 602644.356112004141323, 1127574.477410475723445 ], [ 602638.820647847140208, 1127578.533657563850284 ], [ 602603.390985270263627, 1127604.382567671593279 ], [ 602562.903025097679347, 1127634.955450913868845 ], [ 602555.913373500690795, 1127641.691066456027329 ], [ 602537.998329127323814, 1127659.99779967428185 ], [ 602527.344715298502706, 1127671.0908871460706 ], [ 602505.76950237643905, 1127702.106368607841432 ] ] } },
{ "type": "Feature", "properties": { "bikenet_hierarchy": "secondary", "road_hierarchy": "tertiary", "length": 206.02766347993895 }, "geometry": { "type": "LineString", "coordinates": [ [ 602564.275857336935587, 1127504.672911385074258 ], [ 602560.167207601596601, 1127518.181975792394951 ], [ 602530.630359190749004, 1127610.376580358482897 ], [ 602528.55051309033297, 1127616.936511229258031 ], [ 602523.626554322778247, 1127632.380135839339346 ], [ 602520.172477048239671, 1127643.153976033441722 ], [ 602519.577211170340888, 1127644.988527906825766 ], [ 602505.76950237643905, 1127702.106368607841432 ] ] } },
{ "type": "Feature", "properties": { "bikenet_hierarchy": "secondary", "road_hierarchy": "tertiary", "length": 272.29239772033816 }, "geometry": { "type": "LineString", "coordinates": [ [ 602642.162349031306803, 1127244.109138121362776 ], [ 602628.062708265031688, 1127277.084790601860732 ], [ 602608.524712901213206, 1127342.0393893038854 ], [ 602605.099081707419828, 1127354.03640210814774 ], [ 602601.731569148250856, 1127367.356736474204808 ], [ 602581.64217409316916, 1127435.791767818853259 ], [ 602574.651594380615279, 1127460.052647271426395 ], [ 602565.856540605309419, 1127498.535330917220563 ], [ 602564.275857336935587, 1127504.672911385074258 ] ] } },
{ "type": "Feature", "properties": { "bikenet_hierarchy": "primary", "road_hierarchy": "secondary", "length": 442.646904814263 }, "geometry": { "type": "LineString", "coordinates": [ [ 603001.814071168191731, 1127313.411832292564213 ], [ 602983.774443014757708, 1127326.57956789736636 ], [ 602981.028482135734521, 1127328.601972569245845 ], [ 602957.607216573087499, 1127345.692343965405598 ], [ 602950.044892929843627, 1127351.215069676516578 ], [ 602943.30481712159235, 1127356.282311081653461 ], [ 602909.348101676441729, 1127380.940182215534151 ], [ 602875.23009673692286, 1127405.853941707871854 ], [ 602864.819284792523831, 1127413.454790556570515 ], [ 602845.723236683174036, 1127427.089483241084963 ], [ 602834.857143378816545, 1127435.357364881085232 ], [ 602762.849157811957411, 1127487.930828349199146 ], [ 602747.725346998893656, 1127498.887861613184214 ], [ 602738.254568420234136, 1127505.900041012559086 ], [ 602731.698485664674081, 1127510.689626683946699 ], [ 602655.537143808673136, 1127566.376104834722355 ], [ 602644.356112004141323, 1127574.477410475723445 ] ] } },
{ "type": "Feature", "properties": { "bikenet_hierarchy": "primary", "road_hierarchy": "primary", "length": 322.7037699170952 }, "geometry": { "type": "LineString", "coordinates": [ [ 602089.908224707585759, 1127070.193164790514857 ], [ 602097.49332932010293, 1127061.322119018994272 ], [ 602104.637885953648947, 1127052.973565163090825 ], [ 602129.823623522883281, 1127024.293091895757243 ], [ 602174.151071963016875, 1126977.861232046037912 ], [ 602178.67421910376288, 1126973.003482246538624 ], [ 602190.893148549250327, 1126958.540933734970167 ], [ 602198.463914537569508, 1126949.60329993092455 ], [ 602291.739209070219658, 1126837.360554034821689 ], [ 602294.030194093706086, 1126835.070739908376709 ], [ 602301.96788110374473, 1126827.145325934281573 ] ] } },
{ "type": "Feature", "properties": { "bikenet_hierarchy": "secondary", "road_hierarchy": "tertiary", "length": 673.60934443511621 }, "geometry": { "type": "LineString", "coordinates": [ [ 602557.992520295316353, 1126210.956725409487262 ], [ 602553.254208154510707, 1126218.749777799705043 ], [ 602504.461547108367085, 1126364.879527278942987 ], [ 602500.601452461443841, 1126379.122676939005032 ], [ 602498.079514618963003, 1126388.473572843708098 ], [ 602464.894678367767483, 1126485.637629688950256 ], [ 602460.603740401449613, 1126495.165692875161767 ], [ 602455.623069153632969, 1126504.126334107015282 ], [ 602368.287052171654068, 1126662.650701417587698 ], [ 602346.678145286627114, 1126696.791547607630491 ], [ 602297.339367749984376, 1126819.781934134429321 ], [ 602301.96788110374473, 1126827.145325934281573 ] ] } },
{ "type": "Feature", "properties": { "bikenet_hierarchy": "secondary", "road_hierarchy": "primary", "length": 269.91753610833962 }, "geometry": { "type": "LineString", "coordinates": [ [ 602513.006446302286349, 1126995.40547085297294 ], [ 602476.986846810090356, 1126965.431096012471244 ], [ 602301.96788110374473, 1126827.145325934281573 ] ] } },
{ "type": "Feature", "properties": { "bikenet_hierarchy": "primary", "road_hierarchy": "primary", "length": 643.53232339708984 }, "geometry": { "type": "LineString", "coordinates": [ [ 602726.919427329557948, 1126344.732897237176076 ], [ 602718.288705551065505, 1126356.226923730690032 ], [ 602699.468632819596678, 1126384.529682982014492 ], [ 602679.960146507946774, 1126409.885350070195273 ], [ 602664.506103800726123, 1126430.305670573376119 ], [ 602655.71451635309495, 1126441.032430882100016 ], [ 602632.639132134267129, 1126466.075223701540381 ], [ 602620.969527982641011, 1126478.301911981543526 ], [ 602549.592544866492972, 1126557.166397341061383 ], [ 602538.708766409312375, 1126569.304652732098475 ], [ 602429.851344402879477, 1126691.255498733837157 ], [ 602380.73114241566509, 1126743.843833927530795 ], [ 602311.748781153815798, 1126817.107855508336797 ], [ 602301.96788110374473, 1126827.145325934281573 ] ] } },
{ "type": "Feature", "properties": { "bikenet_hierarchy": "secondary", "road_hierarchy": "secondary", "length": 1528.2489451440565 }, "geometry": { "type": "LineString", "coordinates": [ [ 603214.717335569788702, 1128591.091247535077855 ], [ 603255.810920345247723, 1128544.760143844876438 ], [ 603265.156716212397441, 1128536.236446013441309 ], [ 603339.806438460946083, 1128468.514406076399609 ], [ 603351.963980622822419, 1128458.113229400245473 ], [ 603354.966757483081892, 1128455.390596377663314 ], [ 603391.639016493572854, 1128422.196867974009365 ], [ 603398.437715488253161, 1128415.795797439990565 ], [ 603434.919543193187565, 1128382.880242953076959 ], [ 603480.946455572964624, 1128341.330517136724666 ], [ 603496.38675730896648, 1128327.4733411509078 ], [ 603504.440901000052691, 1128320.405976478010416 ], [ 603572.950769423390739, 1128258.576904498971999 ], [ 603582.121282570064068, 1128250.276031934656203 ], [ 603592.092241370002739, 1128241.086078434484079 ], [ 603678.424525868613273, 1128162.834232183406129 ], [ 603748.795685810269788, 1128099.785343903349712 ], [ 603758.839979208423756, 1128091.485348021844402 ], [ 603805.480755105963908, 1128050.049930979963392 ], [ 603812.654909778037108, 1128043.260419857222587 ], [ 603830.278216460719705, 1128026.692353343358263 ], [ 603859.885625607450493, 1127998.834553320193663 ], [ 603870.004221129580401, 1127989.711922247428447 ], [ 603894.683999356697313, 1127967.522162777604535 ], [ 603906.719181074644439, 1127956.766275124391541 ], [ 603909.928119295160286, 1127953.843924667220563 ], [ 603938.301766983233392, 1127928.387626155046746 ], [ 603958.634900521021336, 1127910.153856761287898 ], [ 603971.235405020648614, 1127899.387388505740091 ], [ 604086.995979543542489, 1127795.008349977899343 ], [ 604095.565880206879228, 1127787.230534067610279 ], [ 604110.803606214467436, 1127773.619564534630626 ], [ 604121.605910821817815, 1127763.975249664625153 ], [ 604130.366780186421238, 1127756.108667237916961 ], [ 604266.439386795507744, 1127633.211173963267356 ], [ 604273.254516739514656, 1127627.11143221356906 ], [ 604292.914188596652821, 1127609.523341604275629 ], [ 604333.343459568568505, 1127552.677859293762594 ] ] } },
{ "type": "Feature", "properties": { "bikenet_hierarchy": "secondary", "road_hierarchy": "secondary", "length": 1238.0810023532035 }, "geometry": { "type": "LineString", "coordinates": [ [ 603115.400657961494289, 1127333.322966832667589 ], [ 603142.186465694569051, 1127337.841510438593104 ], [ 603151.410988094750792, 1127339.503567792009562 ], [ 603165.434965529595502, 1127341.902267135214061 ], [ 603188.837580749648623, 1127345.918728556251153 ], [ 603306.723037606687285, 1127366.814802585169673 ], [ 603317.877736367401667, 1127368.378192847361788 ], [ 603329.457727897679433, 1127370.57570372777991 ], [ 603454.871932683512568, 1127391.813006024574861 ], [ 603468.939647002029233, 1127394.268102620262653 ], [ 603481.481088444706984, 1127396.255243910709396 ], [ 603560.265665562241338, 1127410.327111526625231 ], [ 603576.843038380146027, 1127413.162158776540309 ], [ 603669.907888669287786, 1127429.101765976520255 ], [ 603678.596445730305277, 1127430.608670800924301 ], [ 603689.178275694372132, 1127432.450437236810103 ], [ 603701.506540743284859, 1127434.704820010112599 ], [ 603714.781543434597552, 1127436.959857168607414 ], [ 603735.504800537368283, 1127440.643255476141348 ], [ 603750.049309327732772, 1127443.099384882953018 ], [ 603849.262423152220435, 1127460.358298077015206 ], [ 603856.226393654593267, 1127461.575175466248766 ], [ 603967.803602489409968, 1127481.079875731142238 ], [ 603980.109723488334566, 1127483.201422770973295 ], [ 604122.836561595904641, 1127507.802232300629839 ], [ 604135.172067781444639, 1127509.72398416721262 ], [ 604144.623540507163852, 1127511.354505845811218 ], [ 604235.160361978574656, 1127527.468559293774888 ], [ 604244.773182583972812, 1127529.166094870306551 ], [ 604271.850834463024512, 1127533.490170648321509 ], [ 604333.343459568568505, 1127552.677859293762594 ] ] } },
{ "type": "Feature", "properties": { "bikenet_hierarchy": "secondary", "road_hierarchy": "secondary", "length": 348.79429947563801 }, "geometry": { "type": "LineString", "coordinates": [ [ 605080.537867176230066, 1127135.832867011195049 ], [ 605095.336182617698796, 1127133.844721150118858 ], [ 605102.676699160598218, 1127132.77276873961091 ], [ 605320.974005496245809, 1127104.697978829964995 ], [ 605394.459647851181217, 1127095.238537482218817 ], [ 605407.070429184939712, 1127093.82735876692459 ], [ 605426.522413993952796, 1127091.700045125558972 ] ] } },
{ "type": "Feature", "properties": { "bikenet_hierarchy": "primary", "road_hierarchy": "primary", "length": 303.78917165741348 }, "geometry": { "type": "LineString", "coordinates": [ [ 605470.127362338709645, 1127390.951415429823101 ], [ 605462.823496169527061, 1127369.963478278834373 ], [ 605459.140948749845847, 1127255.453233666252345 ], [ 605451.73056140425615, 1127222.941909516928717 ], [ 605431.915909549221396, 1127123.019521963782609 ], [ 605430.333435947424732, 1127112.520597937516868 ], [ 605426.522413993952796, 1127091.700045125558972 ] ] } },
{ "type": "Feature", "properties": { "bikenet_hierarchy": "primary", "road_hierarchy": "primary", "length": 413.4893422106162 }, "geometry": { "type": "LineString", "coordinates": [ [ 605339.105138875427656, 1126687.566536682192236 ], [ 605341.487225757911801, 1126698.855727837188169 ], [ 605343.707246331032366, 1126710.74525099969469 ], [ 605364.378373036859557, 1126808.633170459419489 ], [ 605379.63549414370209, 1126879.994482042966411 ], [ 605383.727554803481326, 1126898.94709532475099 ], [ 605421.436256526503712, 1127068.832156345248222 ], [ 605426.522413993952796, 1127091.700045125558972 ] ] } },
{ "type": "Feature", "properties": { "bikenet_hierarchy": "secondary", "road_hierarchy": "secondary", "length": 293.49824374362197 }, "geometry": { "type": "LineString", "coordinates": [ [ 604792.733165362966247, 1127190.812738045817241 ], [ 604945.93761380307842, 1127153.015021590748802 ], [ 604953.270578594296239, 1127152.120786003302783 ], [ 605029.213486391468905, 1127142.892192959785461 ], [ 605053.437008020933717, 1127139.477930483408272 ], [ 605060.036216841661371, 1127138.405251195887104 ], [ 605080.537867176230066, 1127135.832867011195049 ] ] } },
{ "type": "Feature", "properties": { "bikenet_hierarchy": "primary", "road_hierarchy": "primary", "length": 472.34641811030946 }, "geometry": { "type": "LineString", "coordinates": [ [ 603871.638980875024572, 1126504.300100395455956 ], [ 603883.419307246804237, 1126505.698260995093733 ], [ 603910.385474335285835, 1126509.0641574121546 ], [ 603926.936718091135845, 1126510.888304695021361 ], [ 603941.404063936439343, 1126511.61014499864541 ], [ 604080.476439660531469, 1126529.168250267626718 ], [ 604213.984514673124067, 1126546.01397659513168 ], [ 604260.638420555391349, 1126557.412998093524948 ], [ 604338.906182569102384, 1126570.785195338539779 ] ] } },
{ "type": "Feature", "properties": { "bikenet_hierarchy": "primary", "road_hierarchy": "secondary", "length": 661.503579922482 }, "geometry": { "type": "LineString", "coordinates": [ [ 604916.80940803012345, 1126249.035480913938954 ], [ 604905.690154506359249, 1126255.208495980128646 ], [ 604847.488432206911966, 1126285.949325639987364 ], [ 604820.308564391569234, 1126299.959411652293056 ], [ 604805.010418941848911, 1126308.786735058994964 ], [ 604720.031068040756509, 1126357.253659683512524 ], [ 604633.41692969284486, 1126404.9310060411226 ], [ 604629.128100049914792, 1126407.318279603263363 ], [ 604618.530871747410856, 1126413.236540593439713 ], [ 604597.483402292127721, 1126424.939802854089066 ], [ 604571.802203820319846, 1126439.074661414604634 ], [ 604566.52938943146728, 1126441.972704668762162 ], [ 604551.43073131388519, 1126450.189285184256732 ], [ 604479.308195760007948, 1126490.219091518549249 ], [ 604473.528752279351465, 1126493.417060849023983 ], [ 604415.338078788830899, 1126525.685896230395883 ], [ 604338.906182569102384, 1126570.785195338539779 ] ] } },
{ "type": "Feature", "properties": { "bikenet_hierarchy": "primary", "road_hierarchy": "secondary", "length": 677.45518441797537 }, "geometry": { "type": "LineString", "coordinates": [ [ 603704.109950870275497, 1126804.107432367280126 ], [ 603733.99551305163186, 1126786.268349509686232 ], [ 603744.378100584028289, 1126780.526173901977018 ], [ 603792.322101416764781, 1126760.152984768385068 ], [ 603838.171571634709835, 1126744.115619560703635 ], [ 603842.928921604761854, 1126742.66214355872944 ], [ 603853.875436492264271, 1126739.033380637411028 ], [ 603862.707499779877253, 1126736.170469849137589 ], [ 603896.061171197216026, 1126724.99559782538563 ], [ 603964.663105968851596, 1126702.025070510571823 ], [ 603995.454901289893314, 1126691.671874125953764 ], [ 604010.755289274151437, 1126686.678753638872877 ], [ 604018.478974657249637, 1126684.071060858434066 ], [ 604070.092557667638175, 1126666.927742385305464 ], [ 604089.482791371061467, 1126660.236435110680759 ], [ 604103.388483477639966, 1126655.565036101732403 ], [ 604135.053975286427885, 1126645.624700496671721 ], [ 604203.628978587221354, 1126622.056629610713571 ], [ 604220.500855616875924, 1126616.664944727905095 ], [ 604259.325384038267657, 1126604.262055296916515 ], [ 604338.906182569102384, 1126570.785195338539779 ] ] } },
{ "type": "Feature", "properties": { "bikenet_hierarchy": "primary", "road_hierarchy": "primary", "length": 487.44525821366187 }, "geometry": { "type": "LineString", "coordinates": [ [ 604707.557561156223528, 1126743.233329637674615 ], [ 604693.062288494547829, 1126680.403642300516367 ], [ 604690.904046137235127, 1126671.939427460310981 ], [ 604678.313518685405143, 1126621.877263298956677 ], [ 604677.494334877468646, 1126618.384863359853625 ], [ 604672.884927259990945, 1126600.510992357973009 ], [ 604625.576063513522968, 1126575.073340234579518 ], [ 604600.531755625037476, 1126574.196441191015765 ], [ 604504.185981698334217, 1126570.804262748220935 ], [ 604490.401375304441899, 1126570.248299624072388 ], [ 604479.890513365739025, 1126569.717230682494119 ], [ 604453.194843086181208, 1126568.528314097318798 ], [ 604433.714008172857575, 1126568.168124965857714 ], [ 604426.857700788066722, 1126568.774304207414389 ], [ 604338.906182569102384, 1126570.785195338539779 ] ] } },
{ "type": "Feature", "properties": { "bikenet_hierarchy": "primary", "road_hierarchy": "primary", "length": 1074.9334330190841 }, "geometry": { "type": "LineString", "coordinates": [ [ 603871.638980875024572, 1126504.300100395455956 ], [ 603865.121662418823689, 1126502.950070718768984 ], [ 603858.582197239273228, 1126501.77795524452813 ], [ 603821.312228857772425, 1126495.247169597074389 ], [ 603807.285217360127717, 1126494.57042280677706 ], [ 603790.541254471288994, 1126495.381969461217523 ], [ 603766.774951789178886, 1126503.550359371583909 ], [ 603715.676481876638718, 1126517.872342674992979 ], [ 603594.408898369292729, 1126548.551579737337306 ], [ 603384.508168757078238, 1126604.811220834730193 ], [ 603373.664980952278711, 1126607.57360634370707 ], [ 603362.359296529553831, 1126610.458057515090331 ], [ 603349.849469453911297, 1126613.94229967915453 ], [ 603313.230701321037486, 1126623.661805506097153 ], [ 603252.752738924929872, 1126639.739519380731508 ], [ 603241.726071939687245, 1126642.691099152434617 ], [ 603185.822133514564484, 1126657.560092114843428 ], [ 603180.007843559375033, 1126659.113616518909112 ], [ 603146.107897621579468, 1126651.477276643738151 ], [ 603135.652349486132152, 1126643.943124702898785 ], [ 603125.094096666551195, 1126636.25325394817628 ], [ 603071.886408323887736, 1126593.389291983796284 ], [ 603065.385770642315038, 1126588.203776301816106 ], [ 602909.931352109182626, 1126493.4669132407289 ], [ 602879.571244929800741, 1126465.295196084305644 ] ] } },
{ "type": "Feature", "properties": { "bikenet_hierarchy": "primary", "road_hierarchy": "primary", "length": 740.91729063663036 }, "geometry": { "type": "LineString", "coordinates": [ [ 603382.892370490939356, 1125923.647904707118869 ], [ 603201.679337038309313, 1126085.98434505215846 ], [ 602879.571244929800741, 1126465.295196084305644 ] ] } },
{ "type": "Feature", "properties": { "bikenet_hierarchy": "primary", "road_hierarchy": "primary", "length": 195.26984626206351 }, "geometry": { "type": "LineString", "coordinates": [ [ 602726.919427329557948, 1126344.732897237176076 ], [ 602742.192203207639977, 1126350.845242887968197 ], [ 602871.382964574266225, 1126458.17414713697508 ], [ 602876.930017228005454, 1126462.702861316269264 ], [ 602879.571244929800741, 1126465.295196084305644 ] ] } },
{ "type": "Feature", "properties": { "bikenet_hierarchy": "primary", "road_hierarchy": "primary", "length": 216.25622337986835 }, "geometry": { "type": "LineString", "coordinates": [ [ 602557.992520295316353, 1126210.956725409487262 ], [ 602566.820119146956131, 1126218.288883095839992 ], [ 602598.417305263923481, 1126244.524553972063586 ], [ 602603.156205341219902, 1126251.46568539692089 ], [ 602657.934473061002791, 1126294.114595543360338 ], [ 602671.994527043774724, 1126303.884692153194919 ], [ 602711.047789578209631, 1126332.170642577344552 ], [ 602716.117163688177243, 1126338.355862171854824 ], [ 602726.919427329557948, 1126344.732897237176076 ] ] } },
{ "type": "Feature", "properties": { "bikenet_hierarchy": "primary", "road_hierarchy": "primary", "length": 746.66231418264692 }, "geometry": { "type": "LineString", "coordinates": [ [ 603176.747215239913203, 1125752.188962772255763 ], [ 603171.319018442183733, 1125757.378991595469415 ], [ 603164.179377420339733, 1125764.202719094697386 ], [ 603137.947335938108154, 1125793.022473440272734 ], [ 603111.648340102634393, 1125823.932895654812455 ], [ 603102.825723028392531, 1125834.358687606872991 ], [ 603092.790948000038043, 1125846.396243304247037 ], [ 602967.859318985487334, 1125996.51720223063603 ], [ 602965.236904385383241, 1125999.673932046862319 ], [ 602957.634142296737991, 1126008.788424307480454 ], [ 602949.047004981897771, 1126019.2479447722435 ], [ 602861.327150455210358, 1126124.565748450579122 ], [ 602854.002900896593928, 1126135.226219407049939 ], [ 602847.390679494710639, 1126146.009380958275869 ], [ 602834.731791577301919, 1126167.108967480715364 ], [ 602815.63739943690598, 1126198.358024376211688 ], [ 602783.6150576666696, 1126246.77019753982313 ], [ 602779.236459396197461, 1126253.940507902530953 ], [ 602771.801647125044838, 1126266.191208366071805 ], [ 602759.043268623878248, 1126296.743011269019917 ], [ 602750.219656144618057, 1126312.117811881937087 ], [ 602742.396853458019905, 1126322.477943849284202 ], [ 602734.882385037955828, 1126332.838236360810697 ], [ 602726.919427329557948, 1126344.732897237176076 ] ] } },
{ "type": "Feature", "properties": { "bikenet_hierarchy": "secondary", "road_hierarchy": "tertiary", "length": 763.36694905035893 }, "geometry": { "type": "LineString", "coordinates": [ [ 602961.986731763696298, 1125563.352431042119861 ], [ 602954.67596095893532, 1125574.524302836041898 ], [ 602949.275493652326986, 1125582.906036276603118 ], [ 602904.234119678731076, 1125655.485840305220336 ], [ 602898.245322158676572, 1125666.135822729207575 ], [ 602893.417481460375711, 1125674.873748585116118 ], [ 602853.778187048155814, 1125738.193685645703226 ], [ 602819.194968608091585, 1125792.809385143918917 ], [ 602809.857066900469363, 1125807.038464335957542 ], [ 602803.868686815025285, 1125817.543987137032673 ], [ 602735.174493360100314, 1125927.287976369727403 ], [ 602695.92123153526336, 1125989.185852143680677 ], [ 602689.140904520172626, 1125998.701430299086496 ], [ 602684.637350541190244, 1126006.049678203416988 ], [ 602657.697028455440886, 1126050.139280382078141 ], [ 602651.232074601575732, 1126060.566902351332828 ], [ 602646.074781749630347, 1126068.971284835599363 ], [ 602614.602944259764627, 1126119.108312727417797 ], [ 602608.145600916584954, 1126129.302466034656391 ], [ 602575.388796012033708, 1126181.663144376128912 ], [ 602568.071841401746497, 1126193.802971387514845 ], [ 602557.992520295316353, 1126210.956725409487262 ] ] } },
{ "type": "Feature", "properties": { "bikenet_hierarchy": "primary", "road_hierarchy": "primary", "length": 442.55135081563645 }, "geometry": { "type": "LineString", "coordinates": [ [ 601486.291704460978508, 1127661.181922076735646 ], [ 601464.05264017242007, 1127670.594929818063974 ], [ 601444.411687159910798, 1127679.619476622901857 ], [ 601433.314147223019972, 1127684.676342300372198 ], [ 601423.038721317774616, 1127689.132948253303766 ], [ 601362.920061457669362, 1127716.940878131426871 ], [ 601348.116171829169616, 1127723.831854996038601 ], [ 601336.042562464950606, 1127729.722695071483031 ], [ 601249.355438907281496, 1127772.471177160739899 ], [ 601244.900397330522537, 1127774.605274866102263 ], [ 601213.370234149158932, 1127789.788629154907539 ], [ 601180.614486946025863, 1127805.972722416743636 ], [ 601098.069705314119346, 1127843.520212739706039 ], [ 601086.20197098958306, 1127850.123323708074167 ] ] } },
{ "type": "Feature", "properties": { "bikenet_hierarchy": "primary", "road_hierarchy": "quaternary", "length": 983.66014393765397 }, "geometry": { "type": "LineString", "coordinates": [ [ 602390.857885212637484, 1128084.88345533865504 ], [ 602329.081278039491735, 1128093.736510241404176 ], [ 602284.732851569191553, 1128101.980666950810701 ], [ 602264.381936221034266, 1128106.865334885194898 ], [ 602250.23975507193245, 1128110.362528848461807 ], [ 602220.10630499443505, 1128117.12277789786458 ], [ 602204.415804632590152, 1128120.641722506377846 ], [ 602148.131554598337971, 1128140.213728961767629 ], [ 602140.608891694690101, 1128142.890828229719773 ], [ 602132.821843729238026, 1128146.146083685569465 ], [ 602091.802402806119062, 1128163.233523951843381 ], [ 602081.263189750956371, 1128167.61096819746308 ], [ 602075.435852959170006, 1128169.89957471867092 ], [ 602064.661666700034402, 1128174.766249230597168 ], [ 602008.016393430531025, 1128201.411936364136636 ], [ 601999.458648083964363, 1128205.679036530200392 ], [ 601987.825841943849809, 1128211.112683736020699 ], [ 601951.722564857220277, 1128231.928120458498597 ], [ 601903.46474666451104, 1128261.724754771916196 ], [ 601893.167425791965798, 1128267.904095192905515 ], [ 601864.477788972784765, 1128284.041010234970599 ], [ 601847.054380213376135, 1128293.231654033996165 ], [ 601839.428678275668062, 1128297.955228562932462 ], [ 601808.055198338697664, 1128309.243204176891595 ], [ 601800.613658369518816, 1128311.887431250419468 ], [ 601731.086095150443725, 1128337.075162573717535 ], [ 601660.715193750569597, 1128362.65272618085146 ], [ 601649.964015779201873, 1128366.641726869856939 ], [ 601640.210940497810952, 1128370.163990609813482 ], [ 601584.870404975954443, 1128389.99776189099066 ], [ 601576.592466266010888, 1128392.99790195398964 ], [ 601565.239664350636303, 1128397.131462882040069 ], [ 601514.376175520010293, 1128415.332510961452499 ], [ 601487.260325327166356, 1128425.211180408485234 ], [ 601475.621524631860666, 1128429.17804953455925 ] ] } },
{ "type": "Feature", "properties": { "bikenet_hierarchy": "primary", "road_hierarchy": "primary", "length": 186.16879361724102 }, "geometry": { "type": "LineString", "coordinates": [ [ 601199.772661303286441, 1128315.677757349330932 ], [ 601213.660155339515768, 1128296.309435665840283 ], [ 601249.158526682527736, 1128275.433449326315895 ], [ 601342.687298854114488, 1128219.353557518916205 ], [ 601345.74036080786027, 1128217.575054100248963 ], [ 601353.057488635298796, 1128213.117608607979491 ] ] } },
{ "type": "Feature", "properties": { "bikenet_hierarchy": "primary", "road_hierarchy": "primary", "length": 670.8963982440132 }, "geometry": { "type": "LineString", "coordinates": [ [ 601889.271703533595428, 1127845.839232869911939 ], [ 601896.10724746575579, 1127857.895701355533674 ], [ 601893.651255388045684, 1127872.640142205869779 ], [ 601890.311094830627553, 1127876.008422880899161 ], [ 601841.949822971480899, 1127922.118756304727867 ], [ 601792.541138633037917, 1127964.492827187757939 ], [ 601767.129279867745936, 1127984.534437770256773 ], [ 601758.2919701958308, 1127990.603281676303595 ], [ 601711.942276554415002, 1128016.354460133239627 ], [ 601648.602475322550163, 1128050.118691906798631 ], [ 601643.406087300390936, 1128053.108502512564883 ], [ 601576.683298890129663, 1128090.086295519722626 ], [ 601563.839400420431048, 1128097.177396640181541 ], [ 601552.867079709772952, 1128103.190384974703193 ], [ 601474.770219092955813, 1128144.358611862175167 ], [ 601411.176229925244115, 1128179.215266660088673 ], [ 601363.434992462513037, 1128207.08184274029918 ], [ 601353.057488635298796, 1128213.117608607979491 ] ] } },
{ "type": "Feature", "properties": { "bikenet_hierarchy": "primary", "road_hierarchy": "primary", "length": 847.89199384264998 }, "geometry": { "type": "LineString", "coordinates": [ [ 602089.908224707585759, 1127070.193164790514857 ], [ 602074.752564344438724, 1127088.491298126522452 ], [ 602069.069352375343442, 1127094.983365315943956 ], [ 602055.610314143705182, 1127110.390942112775519 ], [ 602030.48682966909837, 1127131.354420806048438 ], [ 602016.859277318231761, 1127146.484028794569895 ], [ 602013.592002390883863, 1127149.841141454642639 ], [ 601889.100729182478972, 1127277.879783393116668 ], [ 601844.521548914141022, 1127323.246311702067032 ], [ 601817.937339321593754, 1127350.415300505934283 ], [ 601798.525945858913474, 1127370.781172002665699 ], [ 601793.878603713470511, 1127375.917195634217933 ], [ 601782.286001111380756, 1127388.668318970361724 ], [ 601689.541875460185111, 1127483.550190069945529 ], [ 601577.854078125092201, 1127596.720929514383897 ], [ 601546.192764660925604, 1127628.415707169333473 ], [ 601520.583443703362718, 1127643.420991294784471 ], [ 601506.22661109350156, 1127651.145671656588092 ], [ 601486.291704460978508, 1127661.181922076735646 ] ] } },
{ "type": "Feature", "properties": { "bikenet_hierarchy": "primary", "road_hierarchy": "primary", "length": 802.02383470102836 }, "geometry": { "type": "LineString", "coordinates": [ [ 598811.787116239778697, 1129298.648332882905379 ], [ 598927.39212201803457, 1129232.803710879758 ], [ 599160.923782719066367, 1129115.121552561409771 ], [ 599174.980148599483073, 1129107.946837454102933 ], [ 599527.94285793043673, 1128938.120354165090248 ] ] } },
{ "type": "Feature", "properties": { "bikenet_hierarchy": "primary", "road_hierarchy": "primary", "length": 497.54633384074953 }, "geometry": { "type": "LineString", "coordinates": [ [ 598327.355312215397134, 1129394.155406067147851 ], [ 598723.764651575009339, 1129340.691655495669693 ], [ 598811.787116239778697, 1129298.648332882905379 ] ] } },
{ "type": "Feature", "properties": { "bikenet_hierarchy": "primary", "road_hierarchy": "primary", "length": 624.87583989413588 }, "geometry": { "type": "LineString", "coordinates": [ [ 598346.23886073124595, 1129700.89754932676442 ], [ 598389.36919802101329, 1129680.690299479058012 ], [ 598415.144827593001537, 1129668.50609295652248 ], [ 598500.804753769072704, 1129626.302837492432445 ], [ 598520.749280530610122, 1129616.678386792773381 ], [ 598811.787116239778697, 1129298.648332882905379 ] ] } },
{ "type": "Feature", "properties": { "bikenet_hierarchy": "primary", "road_hierarchy": "primary", "length": 891.61952665698902 }, "geometry": { "type": "LineString", "coordinates": [ [ 597439.55782815895509, 1129323.111989988479763 ], [ 597521.818646349129267, 1129330.002262386959046 ], [ 597561.154950987664051, 1129340.415050291456282 ], [ 597574.017487144214101, 1129343.689698518719524 ], [ 597586.343826446100138, 1129345.596843236358836 ], [ 597601.941977331414819, 1129346.824237776221707 ], [ 597629.652524417149834, 1129347.334667642368004 ], [ 598327.355312215397134, 1129394.155406067147851 ] ] } },
{ "type": "Feature", "properties": { "bikenet_hierarchy": "primary", "road_hierarchy": "primary", "length": 707.01265339412396 }, "geometry": { "type": "LineString", "coordinates": [ [ 598346.23886073124595, 1129700.89754932676442 ], [ 598304.994258071528748, 1129721.237980456557125 ], [ 598228.498127528117038, 1129757.725506905233487 ], [ 598216.806355802458711, 1129763.422869414323941 ], [ 598127.25565069145523, 1129806.599329059477895 ], [ 598093.303184702643193, 1129822.991168810520321 ], [ 598089.591823380906135, 1129824.782821899047121 ], [ 598080.592147276620381, 1129829.12286481144838 ], [ 598038.095484802615829, 1129850.700065780896693 ], [ 598034.281473284703679, 1129852.536273830104619 ], [ 597995.033983646775596, 1129871.454916251590475 ], [ 597989.085641101934016, 1129874.326119812671095 ], [ 597827.63189234980382, 1129952.140500199748203 ], [ 597810.520838140626438, 1129960.398529628990218 ], [ 597802.841778783593327, 1129964.093523451359943 ], [ 597781.315541135845706, 1129974.477381488541141 ], [ 597732.505914724664763, 1129998.00554778566584 ], [ 597709.85045294824522, 1130008.890562862856314 ] ] } },
{ "type": "Feature", "properties": { "bikenet_hierarchy": "primary", "road_hierarchy": "primary", "length": 833.92163802928758 }, "geometry": { "type": "LineString", "coordinates": [ [ 596954.031134542892687, 1130360.642429189523682 ], [ 597133.409855324425735, 1130286.856121711665764 ], [ 597227.609194206190296, 1130241.426038240082562 ], [ 597266.976111188414507, 1130222.457404684042558 ], [ 597285.104924090323038, 1130213.707897985586897 ], [ 597346.576141078374349, 1130184.109111106023192 ], [ 597355.655320914811455, 1130179.701113390503451 ], [ 597389.742757054045796, 1130163.249076013220474 ], [ 597405.224452511058189, 1130155.79117111954838 ], [ 597417.215277627110481, 1130150.014108255971223 ], [ 597478.196515041752718, 1130120.606060999678448 ], [ 597500.000310016795993, 1130110.098572871182114 ], [ 597510.803228591568768, 1130104.889386993832886 ], [ 597523.424993227701634, 1130098.800901658833027 ], [ 597579.559555065934546, 1130071.742534284014255 ], [ 597593.464931151363999, 1130065.030909085413441 ], [ 597688.911311178118922, 1130019.018769708462059 ], [ 597709.85045294824522, 1130008.890562862856314 ] ] } },
{ "type": "Feature", "properties": { "bikenet_hierarchy": "primary", "road_hierarchy": "secondary", "length": 867.58499409419665 }, "geometry": { "type": "LineString", "coordinates": [ [ 603704.109950870275497, 1126804.107432367280126 ], [ 603599.313940609572455, 1126877.810036783572286 ], [ 603588.871957785333507, 1126885.131501852767542 ], [ 603583.628761924803257, 1126889.098030581604689 ], [ 603573.113337766146287, 1126896.552919774083421 ], [ 603555.151593935093842, 1126909.930125934770331 ], [ 603472.094349617487751, 1126968.814722708426416 ], [ 603462.974251260049641, 1126975.503396443556994 ], [ 603419.606407731887884, 1127007.224732420407236 ], [ 603407.923743932391517, 1127015.79123554052785 ], [ 603338.085070934845135, 1127067.758050105767325 ], [ 603324.05275663419161, 1127078.402794929454103 ], [ 603307.098076118621975, 1127091.192035581450909 ], [ 603296.443650411092676, 1127099.17001332109794 ], [ 603251.440938175888732, 1127131.025148625252768 ], [ 603224.067831014632247, 1127150.747574193868786 ], [ 603218.597636713180691, 1127154.69207807816565 ], [ 603202.833241637912579, 1127166.058945688186213 ], [ 603152.904051396413706, 1127202.89388578874059 ], [ 603146.729087501065806, 1127207.349590541562065 ], [ 603045.286870343843475, 1127282.31000758567825 ], [ 603021.571703342953697, 1127299.277628226904199 ], [ 603001.814071168191731, 1127313.411832292564213 ] ] } },
{ "type": "Feature", "properties": { "bikenet_hierarchy": "secondary", "road_hierarchy": "secondary", "length": 115.31922972160912 }, "geometry": { "type": "LineString", "coordinates": [ [ 603115.400657961494289, 1127333.322966832667589 ], [ 603097.971656761947088, 1127330.121870490023866 ], [ 603001.814071168191731, 1127313.411832292564213 ] ] } },
{ "type": "Feature", "properties": { "bikenet_hierarchy": "primary", "road_hierarchy": "secondary", "length": 703.36527793937785 }, "geometry": { "type": "LineString", "coordinates": [ [ 599082.476631430443376, 1126306.741139925085008 ], [ 599122.435634556110017, 1126286.61800017952919 ], [ 599217.504538542125374, 1126238.43052112380974 ], [ 599267.358886729809456, 1126211.501436808146536 ], [ 599273.091620459104888, 1126208.687238541431725 ], [ 599318.513126007048413, 1126185.217595371417701 ], [ 599341.679220471763983, 1126174.005500187864527 ], [ 599348.270819174475037, 1126170.512942894361913 ], [ 599355.66241808666382, 1126165.774840453639627 ], [ 599439.885903872083873, 1126120.25026591331698 ], [ 599470.19468302919995, 1126104.089473999338225 ], [ 599515.492947564925998, 1126079.175846879603341 ], [ 599521.805796374566853, 1126075.505601670825854 ], [ 599530.394239262561314, 1126070.712017399957404 ], [ 599604.703426005551592, 1126031.495998270111158 ], [ 599714.750724207726307, 1126006.078734137117863 ] ] } },
{ "type": "Feature", "properties": { "bikenet_hierarchy": "secondary", "road_hierarchy": "secondary", "length": 319.17154715986527 }, "geometry": { "type": "LineString", "coordinates": [ [ 600033.703752458095551, 1126014.65317466459237 ], [ 600021.862687871325761, 1126013.885940212756395 ], [ 599978.323072436731309, 1126011.061845622956753 ], [ 599934.548499486874789, 1126008.226978648686782 ], [ 599714.750724207726307, 1126006.078734137117863 ] ] } },
{ "type": "Feature", "properties": { "bikenet_hierarchy": "secondary", "road_hierarchy": "secondary", "length": 422.55944801684979 }, "geometry": { "type": "LineString", "coordinates": [ [ 602646.519734106725082, 1129094.574479270493612 ], [ 602673.501916288514622, 1129070.056257900781929 ], [ 602680.335667076753452, 1129063.665442601544783 ], [ 602731.643523638485931, 1129017.397078641457483 ], [ 602795.100572802359238, 1128960.159661538200453 ], [ 602807.667375945718959, 1128948.778923903824762 ], [ 602825.842526390217245, 1128931.974414738826454 ], [ 602844.333431506180204, 1128914.88100197352469 ], [ 602851.453693247865885, 1128908.546143049839884 ], [ 602860.357584890327416, 1128900.877786413533613 ], [ 602865.950971233425662, 1128896.065625086193904 ], [ 602874.803281532716937, 1128888.908790201181546 ], [ 602951.81458574696444, 1128818.936465925304219 ], [ 602960.161032090429217, 1128811.445899130310863 ] ] } },
{ "type": "Feature", "properties": { "bikenet_hierarchy": "secondary", "road_hierarchy": "secondary", "length": 336.91220144681159 }, "geometry": { "type": "LineString", "coordinates": [ [ 603214.717335569788702, 1128591.091247535077855 ], [ 603150.572382689802907, 1128639.632506333291531 ], [ 603132.094477525446564, 1128656.380180644802749 ], [ 603095.82914104568772, 1128689.119927136227489 ], [ 603087.489785826765001, 1128696.387891276506707 ], [ 603078.944742237683386, 1128704.133919863495976 ], [ 602971.79619766830001, 1128800.965772482333705 ], [ 602960.161032090429217, 1128811.445899130310863 ] ] } },
{ "type": "Feature", "properties": { "bikenet_hierarchy": "primary", "road_hierarchy": "primary", "length": 1013.356965468052 }, "geometry": { "type": "LineString", "coordinates": [ [ 599198.045754766324535, 1124727.010332243982702 ], [ 599185.439000316895545, 1124731.515939269214869 ], [ 599174.880742450710386, 1124735.1316406740807 ], [ 599171.50327591097448, 1124736.277549078688025 ], [ 599109.101230298401788, 1124757.849736387375742 ], [ 599037.788284934940748, 1124793.591277908533812 ], [ 599020.115608584252186, 1124799.232444564113393 ], [ 599009.660382607486099, 1124802.837321909144521 ], [ 598969.689812356489711, 1124816.544979197671637 ], [ 598895.409876211546361, 1124841.513548403512686 ], [ 598877.627442201250233, 1124847.54439708753489 ], [ 598811.703491358435713, 1124869.621092690853402 ], [ 598763.599023375310935, 1124886.078736880328506 ], [ 598755.177805662387982, 1124888.838493088027462 ], [ 598732.417340054409578, 1124894.370573041727766 ], [ 598723.614332489785738, 1124897.097108072368428 ], [ 598671.450249638641253, 1124914.657421234296635 ], [ 598665.22449853294529, 1124917.327805835055187 ], [ 598653.536642079940066, 1124922.712883344618604 ], [ 598625.894680193974636, 1124932.116437135497108 ], [ 598555.597044317866676, 1124955.631808498408645 ], [ 598539.672774457721971, 1124960.918193450663239 ], [ 598350.544352595112287, 1125024.491225322941318 ], [ 598331.433575999457389, 1125028.71166016580537 ], [ 598266.95302726328373, 1125050.716557449428365 ], [ 598242.043629323830828, 1125059.932105987332761 ] ] } },
{ "type": "Feature", "properties": { "bikenet_hierarchy": "primary", "road_hierarchy": "primary", "length": 576.53513851758089 }, "geometry": { "type": "LineString", "coordinates": [ [ 597696.010300055029802, 1125244.197844297159463 ], [ 597736.305293493089266, 1125231.136935188435018 ], [ 597764.934753575013019, 1125220.093871423741803 ], [ 597774.550980665488169, 1125215.508417235920206 ], [ 597818.347878420958295, 1125200.789768216200173 ], [ 597834.380860462435521, 1125195.401182253379375 ], [ 597848.359079417656176, 1125192.515486244112253 ], [ 597947.171569017227739, 1125160.195313902804628 ], [ 597969.275996697018854, 1125152.780951288063079 ], [ 598005.189341112156399, 1125140.591021344531327 ], [ 598050.279651448363438, 1125125.818129575811327 ], [ 598062.480946126393974, 1125121.821606855140999 ], [ 598105.310095443972386, 1125106.872055705403909 ], [ 598125.550218650023453, 1125100.026099767070264 ], [ 598158.226699409657158, 1125088.950302976183593 ], [ 598223.492096719099209, 1125067.255241988692433 ], [ 598226.487351898453198, 1125066.064400538336486 ], [ 598242.043629323830828, 1125059.932105987332761 ] ] } },
{ "type": "Feature", "properties": { "bikenet_hierarchy": "primary", "road_hierarchy": "primary", "length": 202.53083046673345 }, "geometry": { "type": "LineString", "coordinates": [ [ 595743.635192216141149, 1126185.045804576249793 ], [ 595914.900243654148653, 1126112.289588155690581 ], [ 595930.186787079786882, 1126106.206593241309747 ] ] } },
{ "type": "Feature", "properties": { "bikenet_hierarchy": "primary", "road_hierarchy": "secondary", "length": 737.50983420691364 }, "geometry": { "type": "LineString", "coordinates": [ [ 596543.412708249525167, 1126459.503148630261421 ], [ 596517.604357049218379, 1126448.955478759249672 ], [ 596511.965531933819875, 1126446.824024431640282 ], [ 596504.226785523816943, 1126443.837674173293635 ], [ 596464.776556967408396, 1126428.439531225478277 ], [ 596459.335290871676989, 1126425.396153345471248 ], [ 596418.254851030767895, 1126409.443395791575313 ], [ 596404.517612775671296, 1126404.637431628303602 ], [ 596363.72299242997542, 1126388.46248810342513 ], [ 596266.008665851200931, 1126349.563653583172709 ], [ 596261.698332196800038, 1126347.498265557922423 ], [ 596233.302522261859849, 1126333.317419113125652 ], [ 596223.668360448093154, 1126328.553552538156509 ], [ 596213.263148169149645, 1126323.40103401360102 ], [ 596198.547139670001343, 1126315.616070858668536 ], [ 596124.082088567083701, 1126271.755140981636941 ], [ 596117.112669914029539, 1126267.378771688090637 ], [ 596109.629170154919848, 1126262.691414501518011 ], [ 596088.089479998219758, 1126249.518359593581408 ], [ 596055.966820491245016, 1126229.59199758968316 ], [ 595969.081219821702689, 1126188.933612373424694 ], [ 595958.865068287472241, 1126191.943594098091125 ], [ 595956.930161029100418, 1126186.162568548228592 ], [ 595932.776712514227256, 1126114.166663560783491 ], [ 595930.186787079786882, 1126106.206593241309747 ] ] } },
{ "type": "Feature", "properties": { "bikenet_hierarchy": "primary", "road_hierarchy": "primary", "length": 533.92402183588979 }, "geometry": { "type": "LineString", "coordinates": [ [ 596396.890377878909931, 1125848.592439689440653 ], [ 596344.556586493970826, 1125884.300591824576259 ], [ 596332.221363788936287, 1125892.215273798210546 ], [ 596319.834803205216303, 1125900.152258154237643 ], [ 596244.646337673882954, 1125942.548892732243985 ], [ 596164.916825371794403, 1125987.674166790442541 ], [ 596162.41472292423714, 1125989.377302993554622 ], [ 596149.324472177890129, 1125998.149172623408958 ], [ 596137.48119863984175, 1126005.452335765818134 ], [ 596111.365037514828146, 1126020.293991099810228 ], [ 595943.541954742744565, 1126099.113144850824028 ], [ 595930.186787079786882, 1126106.206593241309747 ] ] } },
{ "type": "Feature", "properties": { "bikenet_hierarchy": "primary", "road_hierarchy": "primary", "length": 1729.8022275036285 }, "geometry": { "type": "LineString", "coordinates": [ [ 605307.59818740573246, 1129341.107712168712169 ], [ 605306.906754927826114, 1129310.324779780115932 ], [ 605306.874921481241472, 1129297.503266751999035 ], [ 605312.312823613872752, 1129257.44269413407892 ], [ 605317.987741205841303, 1129215.113850523484871 ], [ 605321.216599642648362, 1129191.308778429636732 ], [ 605330.77385592344217, 1129109.507269481662661 ], [ 605332.083873160067014, 1129097.587765810545534 ], [ 605338.151766797644086, 1129028.259696993045509 ], [ 605349.477887270390056, 1128938.709194405237213 ], [ 605352.177680405788124, 1128923.688516895985231 ], [ 605353.761896158917807, 1128909.022614263230935 ], [ 605355.18417933199089, 1128894.901441981317475 ], [ 605360.618909538490698, 1128843.631842228816822 ], [ 605365.347204100573435, 1128802.236223855288699 ], [ 605370.789155240636319, 1128758.906396890291944 ], [ 605376.451297253719531, 1128730.833574639400467 ], [ 605380.122885862365365, 1128697.387827476253733 ], [ 605384.072421329910867, 1128664.898679812205955 ], [ 605391.44052546157036, 1128564.824818742228672 ], [ 605407.673000834765844, 1128441.941081869183108 ], [ 605410.067999371676706, 1128423.828745644772425 ], [ 605414.890640881145373, 1128384.256955108139664 ], [ 605417.760816216468811, 1128360.473827530397102 ], [ 605425.809229477774352, 1128278.726605116622522 ], [ 605438.327021835837513, 1128181.682474804576486 ], [ 605446.47450290271081, 1128141.880426925374195 ], [ 605450.195802990463562, 1128125.993422629311681 ], [ 605451.452854401082732, 1128116.208953954745084 ], [ 605453.108999125426635, 1128103.533646975411102 ], [ 605461.838131264317781, 1128031.984277327544987 ], [ 605463.206311576068401, 1128021.165749669540673 ], [ 605467.389143958687782, 1127931.274880232289433 ], [ 605475.399339923285879, 1127874.903774842387065 ], [ 605478.702264607418329, 1127859.361101788235828 ], [ 605502.5712980896933, 1127639.384321487043053 ], [ 605503.856909067486413, 1127630.611821787664667 ], [ 605504.597473214380443, 1127623.840404788497835 ] ] } },
{ "type": "Feature", "properties": { "bikenet_hierarchy": "secondary", "road_hierarchy": "quaternary", "length": 362.91443202748411 }, "geometry": { "type": "LineString", "coordinates": [ [ 605142.008364289999008, 1127612.252370697911829 ], [ 605156.553646834217943, 1127612.710581210441887 ], [ 605216.8418672879925, 1127613.633924298221245 ], [ 605227.496953900787048, 1127614.700295771239325 ], [ 605236.852791912620887, 1127616.043472297256812 ], [ 605330.362209617393091, 1127619.000918169505894 ], [ 605337.480505544925109, 1127619.452521062223241 ], [ 605351.526155034429394, 1127620.489012683741748 ], [ 605475.968006627750583, 1127624.312656933907419 ], [ 605504.597473214380443, 1127623.840404788497835 ] ] } },
{ "type": "Feature", "properties": { "bikenet_hierarchy": "primary", "road_hierarchy": "primary", "length": 237.00432835932742 }, "geometry": { "type": "LineString", "coordinates": [ [ 605470.127362338709645, 1127390.951415429823101 ], [ 605484.837637517601252, 1127425.738432081881911 ], [ 605495.899006885359995, 1127499.008597247302532 ], [ 605504.597473214380443, 1127623.840404788497835 ] ] } },
{ "type": "Feature", "properties": { "bikenet_hierarchy": "primary", "road_hierarchy": "primary", "length": 1570.2324080401718 }, "geometry": { "type": "LineString", "coordinates": [ [ 604352.594275235082023, 1131985.052433081902564 ], [ 604351.820683250436559, 1131970.851462003774941 ], [ 604354.678225140785798, 1131955.063142540398985 ], [ 604371.507366611273028, 1131861.767502011498436 ], [ 604375.417089658440091, 1131841.620935833314434 ], [ 604385.835064005455934, 1131798.216220394242555 ], [ 604388.298976112040691, 1131770.295578641816974 ], [ 604389.88976654491853, 1131752.315623138332739 ], [ 604390.185782483895309, 1131748.901984367752448 ], [ 604398.275270818034187, 1131692.017901443177834 ], [ 604408.158978418563493, 1131592.000369819113985 ], [ 604411.789161812048405, 1131573.354821974411607 ], [ 604423.695567797054537, 1131522.067198399454355 ], [ 604432.129855790291913, 1131484.398971819318831 ], [ 604433.079445371869951, 1131479.940563683165237 ], [ 604435.815552749205381, 1131469.923521601129323 ], [ 604439.868294255342335, 1131455.025801330804825 ], [ 604618.686650172574446, 1131359.482186488108709 ], [ 604764.081251212395728, 1131033.218103341059759 ], [ 605062.686992149800062, 1130820.819885877892375 ], [ 605070.624958947999403, 1130818.747628310928121 ], [ 605127.565815477748401, 1130776.643309247214347 ], [ 605137.277652373421006, 1130751.976725407643244 ] ] } },
{ "type": "Feature", "properties": { "bikenet_hierarchy": "primary", "road_hierarchy": "primary", "length": 507.61565408456363 }, "geometry": { "type": "LineString", "coordinates": [ [ 605290.89983871660661, 1130268.484611268155277 ], [ 605233.726740091806278, 1130473.174087810097262 ], [ 605213.193953187903389, 1130537.973966287449002 ], [ 605210.530292929382995, 1130546.9565240861848 ], [ 605189.257244739914313, 1130611.733559355139732 ], [ 605179.514384014299139, 1130637.701076123863459 ], [ 605178.190825851983391, 1130641.236041595460847 ], [ 605137.277652373421006, 1130751.976725407643244 ] ] } },
{ "type": "Feature", "properties": { "bikenet_hierarchy": "primary", "road_hierarchy": "primary", "length": 1181.5740114927139 }, "geometry": { "type": "LineString", "coordinates": [ [ 603651.012395350146107, 1133094.58600972010754 ], [ 603389.710657007293776, 1133169.200207576155663 ], [ 603377.203174680122174, 1133169.036984789418057 ], [ 603266.308766592643224, 1133165.201646019937471 ], [ 603262.892333168536425, 1133165.099578697467223 ], [ 603194.534362909267657, 1133162.969698498025537 ], [ 603176.938999145640992, 1133162.414834298426285 ], [ 603162.848160252673551, 1133161.76191724720411 ], [ 603073.126189827453345, 1133159.31018971092999 ], [ 603059.299108816776425, 1133158.946803575381637 ], [ 603051.997002290096134, 1133158.75379240536131 ], [ 603038.998412155662663, 1133158.335306484019384 ], [ 602928.902534337597899, 1133154.81853560032323 ], [ 602925.852659640135244, 1133154.727987690363079 ], [ 602915.420049807755277, 1133154.388968446990475 ], [ 602906.856947392341681, 1133154.117655106121674 ], [ 602815.082148029701784, 1133151.190894232364371 ], [ 602768.78415370953735, 1133149.711203519487754 ], [ 602765.712284431559965, 1133149.609613110776991 ], [ 602757.559739509830251, 1133149.327612756285816 ], [ 602745.954034441499971, 1133149.043939771596342 ], [ 602558.30546125874389, 1133143.640232263831422 ], [ 602541.647490475559607, 1133145.133914872538298 ], [ 602480.348389867111109, 1133145.062155384104699 ] ] } },
{ "type": "Feature", "properties": { "bikenet_hierarchy": "primary", "road_hierarchy": "secondary", "length": 415.37464908909357 }, "geometry": { "type": "LineString", "coordinates": [ [ 602598.496951060020365, 1132762.039083295268938 ], [ 602593.57231954857707, 1132772.51194860925898 ], [ 602555.548091154312715, 1132821.545343760633841 ], [ 602543.642762106377631, 1132833.783190841786563 ], [ 602500.139898263965733, 1132921.712601962964982 ], [ 602499.840511115733534, 1132935.512510939268395 ], [ 602496.1943378635915, 1133023.481991812819615 ], [ 602495.793187662377022, 1133035.324718661606312 ], [ 602495.369645824539475, 1133048.068163556046784 ], [ 602492.903254227130674, 1133121.126116486964747 ], [ 602480.348389867111109, 1133145.062155384104699 ] ] } },
{ "type": "Feature", "properties": { "bikenet_hierarchy": "primary", "road_hierarchy": "primary", "length": 831.09471701791404 }, "geometry": { "type": "LineString", "coordinates": [ [ 601650.028832501149736, 1133141.568188915494829 ], [ 601674.633447730913758, 1133141.897841283353046 ], [ 601688.167378585203551, 1133142.324395354604349 ], [ 601692.478314517647959, 1133142.392393946414813 ], [ 601913.087796814157628, 1133133.777490294538438 ], [ 601935.509128728881478, 1133129.692891051061451 ], [ 602003.2960620529484, 1133131.984911349602044 ], [ 602022.123322536353953, 1133132.592076811706647 ], [ 602026.448901329189539, 1133132.72706182859838 ], [ 602039.022396121290512, 1133133.143012284068391 ], [ 602045.913999283104204, 1133133.345656409161165 ], [ 602054.477207738906145, 1133133.526674434309825 ], [ 602134.185204988811165, 1133135.735672868555412 ], [ 602203.0719334440073, 1133137.474554262356833 ], [ 602214.281798776355572, 1133137.723571505164728 ], [ 602317.362172233173624, 1133141.200979188317433 ], [ 602336.460561249754392, 1133141.987248693592846 ], [ 602346.907943391357549, 1133142.202859597280622 ], [ 602467.158958708168939, 1133144.978534110588953 ], [ 602471.997813468333334, 1133144.913930610287935 ], [ 602480.348389867111109, 1133145.062155384104699 ] ] } },
{ "type": "Feature", "properties": { "bikenet_hierarchy": "primary", "road_hierarchy": "secondary", "length": 86.079261350813169 }, "geometry": { "type": "LineString", "coordinates": [ [ 599082.476631430443376, 1126306.741139925085008 ], [ 599071.084969269460998, 1126312.347684149164706 ], [ 599018.956610816065222, 1126337.711026498815045 ], [ 599003.659179286449216, 1126339.582084515830502 ] ] } },
{ "type": "Feature", "properties": { "bikenet_hierarchy": "primary", "road_hierarchy": "primary", "length": 920.97194662375216 }, "geometry": { "type": "LineString", "coordinates": [ [ 599470.205839842208661, 1128788.505157083971426 ], [ 599483.162951470469125, 1128782.454471591860056 ], [ 599498.020336149260402, 1128775.113693626830354 ], [ 599544.507698938949034, 1128752.16845441237092 ], [ 599685.872364614508115, 1128681.166535207303241 ], [ 599695.828998007578775, 1128676.139597341185436 ], [ 599701.544715038384311, 1128673.248004768742248 ], [ 599727.188559550559148, 1128661.726009589387104 ], [ 599762.334353636950254, 1128645.544303281698376 ], [ 599772.863494891440496, 1128641.440442625433207 ], [ 599777.038470654166304, 1128639.850058275507763 ], [ 599875.147494539851323, 1128604.684274093015119 ], [ 599912.011240650899708, 1128594.708481667097658 ], [ 599921.87299271824304, 1128595.864730415632948 ], [ 599930.325920234667137, 1128596.87646639207378 ], [ 599986.084324789233506, 1128601.757239711936563 ], [ 600049.312268485082313, 1128580.028159787412733 ], [ 600116.481048016343266, 1128556.086946520023048 ], [ 600155.004294825717807, 1128522.860658335266635 ], [ 600236.271457630791701, 1128454.640928825829178 ], [ 600250.3678034710465, 1128441.419612493133172 ], [ 600285.876801921636797, 1128408.183008357649669 ] ] } },
{ "type": "Feature", "properties": { "bikenet_hierarchy": "primary", "road_hierarchy": "primary", "length": 392.7932720401941 }, "geometry": { "type": "LineString", "coordinates": [ [ 600574.931822810671292, 1128145.390234358841553 ], [ 600558.427436891826801, 1128154.117981273448095 ], [ 600544.425347434589639, 1128163.635526823345572 ], [ 600490.1417340436019, 1128204.163742528297007 ], [ 600448.693856635130942, 1128235.230187333421782 ], [ 600442.720317803439684, 1128240.189328807173297 ], [ 600377.8038866185816, 1128306.883510123006999 ], [ 600371.434148074942641, 1128313.410639829467982 ], [ 600296.920838890131563, 1128394.894962030928582 ], [ 600285.876801921636797, 1128408.183008357649669 ] ] } },
{ "type": "Feature", "properties": { "bikenet_hierarchy": "primary", "road_hierarchy": "tertiary", "length": 324.07634105859671 }, "geometry": { "type": "LineString", "coordinates": [ [ 598433.988700321293436, 1129158.010027895448729 ], [ 598432.91899016208481, 1129137.983036946039647 ], [ 598432.403362482786179, 1129130.999763777246699 ], [ 598422.377954306546599, 1128995.648823845665902 ], [ 598419.373931053793058, 1128960.098742400296032 ], [ 598418.254791858838871, 1128946.910631366306916 ], [ 598417.50357336550951, 1128937.336445076856762 ], [ 598409.365582014317624, 1128834.878230752423406 ] ] } },
{ "type": "Feature", "properties": { "bikenet_hierarchy": "primary", "road_hierarchy": "tertiary", "length": 215.10197402749907 }, "geometry": { "type": "LineString", "coordinates": [ [ 598400.012552553787827, 1128620.629992096684873 ], [ 598395.305669154622592, 1128657.88374698208645 ], [ 598399.290262153604999, 1128708.04533949913457 ], [ 598399.78373576013837, 1128714.283569811843336 ], [ 598403.193763459217735, 1128757.172789039323106 ], [ 598404.850900723715313, 1128778.066968487109989 ], [ 598406.154506116989069, 1128794.502092336304486 ], [ 598408.732189201633446, 1128826.849704749649391 ], [ 598409.365582014317624, 1128834.878230752423406 ] ] } },
{ "type": "Feature", "properties": { "bikenet_hierarchy": "primary", "road_hierarchy": "primary", "length": 528.10180949346329 }, "geometry": { "type": "LineString", "coordinates": [ [ 597464.35804830363486, 1129110.18443174357526 ], [ 597439.499949862249196, 1129108.817232894012704 ], [ 597424.119580683181994, 1129104.187441197456792 ], [ 597416.525500767631456, 1129103.412649853853509 ], [ 597244.238552540657111, 1129071.760711225913838 ], [ 597219.060770182753913, 1129062.65507386578247 ], [ 597145.73282117175404, 1129030.500444328179583 ], [ 596998.255889380117878, 1128919.011953820008785 ], [ 596989.922955292742699, 1128909.531115120509639 ] ] } },
{ "type": "Feature", "properties": { "bikenet_hierarchy": "primary", "road_hierarchy": "primary", "length": 839.65051936005227 }, "geometry": { "type": "LineString", "coordinates": [ [ 596505.290925516048446, 1128239.812252633506432 ], [ 596514.933302388875745, 1128251.526666445657611 ], [ 596518.267356570693664, 1128255.561132681556046 ], [ 596536.273568513570353, 1128276.511051565408707 ], [ 596547.470753174042329, 1128298.666312652407214 ], [ 596554.121121977688745, 1128313.663123299833387 ], [ 596561.206816112273373, 1128332.49610341549851 ], [ 596638.768335208762437, 1128533.643736227415502 ], [ 596654.160772151197307, 1128554.250928372144699 ], [ 596660.042075413977727, 1128560.51905567990616 ], [ 596672.833513221470639, 1128575.679044783115387 ], [ 596689.501865371712483, 1128595.329226171830669 ], [ 596962.422458233544603, 1128881.924079754156992 ], [ 596981.391715602600016, 1128899.739036196377128 ], [ 596989.922955292742699, 1128909.531115120509639 ] ] } },
{ "type": "Feature", "properties": { "bikenet_hierarchy": "primary", "road_hierarchy": "primary", "length": 848.67607758787483 }, "geometry": { "type": "LineString", "coordinates": [ [ 598308.41725800326094, 1129153.811460819793865 ], [ 598288.739714184310287, 1129153.472980969352648 ], [ 598176.997994887060486, 1129149.161802692105994 ], [ 598102.205836272449233, 1129127.71476566279307 ], [ 598098.764640498207882, 1129127.159975663525984 ], [ 598086.056425810558721, 1129125.118382786866277 ], [ 598075.065424181404524, 1129124.16597464075312 ], [ 598046.986641338677146, 1129122.786077210912481 ], [ 597998.789821352344006, 1129120.71319332998246 ], [ 597902.249503173166886, 1129117.002427160507068 ], [ 597729.353244134923443, 1129111.790333545999601 ], [ 597720.240717036183923, 1129111.582888597622514 ], [ 597705.353948913165368, 1129111.155505259288475 ], [ 597554.959419173654169, 1129105.461193068418652 ], [ 597532.383518905146047, 1129105.004394412506372 ], [ 597493.644584111520089, 1129104.977709809318185 ], [ 597479.20063015515916, 1129110.210862986044958 ], [ 597464.35804830363486, 1129110.18443174357526 ] ] } },
{ "type": "Feature", "properties": { "bikenet_hierarchy": "secondary", "road_hierarchy": "primary", "length": 606.97930982168987 }, "geometry": { "type": "LineString", "coordinates": [ [ 597783.236371178645641, 1128184.362422223435715 ], [ 597738.853105935151689, 1128196.635171842062846 ], [ 597720.891612892737612, 1128201.924766826676205 ], [ 597711.8034697920084, 1128210.858050845330581 ], [ 597703.991522515541874, 1128218.233992922352627 ], [ 597694.470519979135133, 1128227.245330039644614 ], [ 597594.648512779967859, 1128321.609531100606546 ], [ 597587.431004009675235, 1128328.42936840117909 ], [ 597541.99926578591112, 1128371.39565454563126 ], [ 597537.972494265181012, 1128375.200560188386589 ], [ 597507.863428498036228, 1128403.348200124921277 ], [ 597500.551070118206553, 1128410.879881175700575 ], [ 597484.408208193490282, 1128427.500791864935309 ], [ 597429.692972985561937, 1128479.935529593611136 ], [ 597423.62018585356418, 1128485.965510391397402 ], [ 597358.917945555178449, 1128550.193016918841749 ], [ 597343.773338227998465, 1128565.801922463346273 ], [ 597330.94610546855256, 1128578.574101657606661 ] ] } },
{ "type": "Feature", "properties": { "bikenet_hierarchy": "primary", "road_hierarchy": "primary", "length": 909.3574783781346 }, "geometry": { "type": "LineString", "coordinates": [ [ 597439.55782815895509, 1129323.111989988479763 ], [ 597070.48569908796344, 1129209.76323029352352 ], [ 597041.483417216339149, 1129196.301385930506513 ], [ 597032.559609285206534, 1129192.158455185825005 ], [ 596672.204608904779889, 1128872.867149001685902 ] ] } },
{ "type": "Feature", "properties": { "bikenet_hierarchy": "primary", "road_hierarchy": "secondary", "length": 368.20519620170154 }, "geometry": { "type": "LineString", "coordinates": [ [ 601305.232770279049873, 1129874.783452313859016 ], [ 601301.728361569577828, 1129865.27497304067947 ], [ 601300.078793984604999, 1129860.793199865380302 ], [ 601290.452590523287654, 1129834.669918798143044 ], [ 601288.817664123489521, 1129830.243752752197906 ], [ 601278.340892511652783, 1129801.807321531698108 ], [ 601276.26605274877511, 1129796.180090744048357 ], [ 601258.252169772051275, 1129747.281048248056322 ], [ 601246.873271652148105, 1129716.398057463346049 ], [ 601235.589556706603616, 1129685.793112883809954 ], [ 601233.170034920563921, 1129679.20949574210681 ], [ 601215.565978694125079, 1129631.444929534802213 ], [ 601211.115423724637367, 1129619.378685174509883 ], [ 601208.945136331603862, 1129613.46233689924702 ], [ 601184.499687463976443, 1129547.148113353177905 ], [ 601179.631058612721972, 1129533.936438186792657 ], [ 601177.922636182745919, 1129529.287887771148235 ] ] } },
{ "type": "Feature", "properties": { "bikenet_hierarchy": "primary", "road_hierarchy": "secondary", "length": 210.96561837763485 }, "geometry": { "type": "LineString", "coordinates": [ [ 601103.268708600662649, 1129332.091554574202746 ], [ 601110.381258061039262, 1129352.820780450012535 ], [ 601131.917614129721187, 1129410.18242737930268 ], [ 601136.588603228447028, 1129422.259771615033969 ], [ 601173.383091167197563, 1129521.113691001432016 ], [ 601177.922636182745919, 1129529.287887771148235 ] ] } },
{ "type": "Feature", "properties": { "bikenet_hierarchy": "primary", "road_hierarchy": "primary", "length": 386.35351606704734 }, "geometry": { "type": "LineString", "coordinates": [ [ 594307.04660432646051, 1127567.936537452973425 ], [ 594363.843611622345634, 1127483.075849792454392 ], [ 594287.069858962786384, 1127222.922509871190414 ], [ 594288.069194185081869, 1127209.966537729837 ] ] } },
{ "type": "Feature", "properties": { "bikenet_hierarchy": "primary", "road_hierarchy": "primary", "length": 272.54006198951873 }, "geometry": { "type": "LineString", "coordinates": [ [ 594399.608739786432125, 1126967.888880552491173 ], [ 594395.729537063511088, 1126971.340081868227571 ], [ 594391.117446349817328, 1126975.84844677709043 ], [ 594350.497687917551957, 1127024.140345338266343 ], [ 594345.338691439945251, 1127032.029826486483216 ], [ 594339.381869833450764, 1127042.032957911957055 ], [ 594291.580227528698742, 1127170.364160351455212 ], [ 594288.446558747556992, 1127198.812672117957845 ], [ 594288.069194185081869, 1127209.966537729837 ] ] } },
{ "type": "Feature", "properties": { "bikenet_hierarchy": "primary", "road_hierarchy": "secondary", "length": 1072.3048323722603 }, "geometry": { "type": "LineString", "coordinates": [ [ 596543.412708249525167, 1126459.503148630261421 ], [ 596559.521909226197749, 1126466.309578798944131 ], [ 596597.584629748715088, 1126482.287509317975491 ], [ 596615.044722843449563, 1126489.727103640092537 ], [ 596692.69456533389166, 1126519.169919043313712 ], [ 596718.619391631451435, 1126529.206810088595375 ], [ 596730.153601520345546, 1126533.436631123768166 ], [ 596740.050675320322625, 1126537.28937274008058 ], [ 596756.710116622620262, 1126544.407410368323326 ], [ 596762.356200588983484, 1126546.728151588933542 ], [ 596778.186071422183886, 1126553.746666428633034 ], [ 596805.220811564475298, 1126566.930297083687037 ], [ 596813.157925132196397, 1126570.795440643792972 ], [ 596822.695525481947698, 1126575.20454605971463 ], [ 596859.452103172894567, 1126594.532193179242313 ], [ 596957.79487361793872, 1126643.616052537923679 ], [ 596964.873019387130626, 1126647.570855210069567 ], [ 596970.100719028385356, 1126650.247885412769392 ], [ 597001.033355066087097, 1126665.609842657810077 ], [ 597011.899716106825508, 1126670.941510130651295 ], [ 597099.441458392655477, 1126718.054455204866827 ], [ 597108.494450948666781, 1126723.064797697588801 ], [ 597180.790756937116385, 1126758.789054366061464 ], [ 597186.994522177381441, 1126761.565863641910255 ], [ 597229.400484119076282, 1126781.082084820140153 ], [ 597238.159010891686194, 1126784.825097349472344 ], [ 597255.065763898426667, 1126790.24313252652064 ], [ 597263.045749480021186, 1126793.052489209920168 ], [ 597285.166112192440778, 1126803.016113432357088 ], [ 597300.003530242363922, 1126809.714134190697223 ], [ 597335.382635172689334, 1126825.631754107540473 ], [ 597365.549058940145187, 1126839.216907635563985 ], [ 597371.701256309519522, 1126841.982828905340284 ], [ 597503.964714559959248, 1126901.546315360115841 ], [ 597516.687288169050589, 1126907.278442655690014 ] ] } },
{ "type": "Feature", "properties": { "bikenet_hierarchy": "primary", "road_hierarchy": "secondary", "length": 678.32408534535455 }, "geometry": { "type": "LineString", "coordinates": [ [ 598136.455541351111606, 1127182.818758795736358 ], [ 598096.35427262308076, 1127166.54184239031747 ], [ 598054.989375936915167, 1127147.507886464241892 ], [ 598033.143325205775909, 1127137.496604486601427 ], [ 598023.343408519984223, 1127133.007668585982174 ], [ 597992.196401934837922, 1127118.60752673423849 ], [ 597967.942314207437448, 1127107.452028837054968 ], [ 597953.884596510091797, 1127101.007683750009164 ], [ 597927.582587302429602, 1127089.797539764083922 ], [ 597921.702590180560946, 1127087.242177652893588 ], [ 597915.308729892713018, 1127084.464618218131363 ], [ 597829.66985987056978, 1127046.856815218692645 ], [ 597805.848481229739264, 1127036.469141269801185 ], [ 597789.272518891491927, 1127029.125509306788445 ], [ 597781.476405046996661, 1127025.759312881389633 ], [ 597738.964759335271083, 1127007.640039142686874 ], [ 597658.248389573069289, 1126969.843790104147047 ], [ 597527.126637046807446, 1126911.888510467484593 ], [ 597516.687288169050589, 1126907.278442655690014 ] ] } },
{ "type": "Feature", "properties": { "bikenet_hierarchy": "secondary", "road_hierarchy": "tertiary", "length": 602.80257259596124 }, "geometry": { "type": "LineString", "coordinates": [ [ 602318.095202113850974, 1132140.18117049173452 ], [ 602313.07160103705246, 1132141.580245394725353 ], [ 602306.024117544409819, 1132143.000739271054044 ], [ 602250.160184271633625, 1132148.071243279846385 ], [ 602048.647249997942708, 1132163.151464479975402 ], [ 602022.387948504765518, 1132164.098368934355676 ], [ 602002.772398743545637, 1132164.547334722708911 ], [ 601990.13774522242602, 1132164.954333327477798 ], [ 601949.784603934036568, 1132166.230261476477608 ], [ 601942.495668366085738, 1132166.46128557715565 ], [ 601908.228042306262068, 1132170.041462434688583 ], [ 601869.699566949740984, 1132175.177262633107603 ], [ 601860.665110275382176, 1132176.386389541672543 ], [ 601816.776039448217489, 1132182.7217777678743 ], [ 601732.407701684394851, 1132196.239763071993366 ], [ 601720.328544810647145, 1132202.908162747276947 ] ] } },
{ "type": "Feature", "properties": { "bikenet_hierarchy": "secondary", "road_hierarchy": "quaternary", "length": 761.50464950889284 }, "geometry": { "type": "LineString", "coordinates": [ [ 600959.970804789452814, 1132230.742502119857818 ], [ 600969.173202569596469, 1132232.100672947475687 ], [ 601088.15527682879474, 1132228.796782640740275 ], [ 601096.170447861310095, 1132226.396349575603381 ], [ 601103.562132600345649, 1132225.085579081671312 ], [ 601227.275428824359551, 1132215.447130842367187 ], [ 601720.328544810647145, 1132202.908162747276947 ] ] } },
{ "type": "Feature", "properties": { "bikenet_hierarchy": "secondary", "road_hierarchy": "secondary", "length": 324.4610132309972 }, "geometry": { "type": "LineString", "coordinates": [ [ 598504.036470037302934, 1132074.136109246406704 ], [ 598508.812324711238034, 1132081.607478747377172 ], [ 598510.756416929420084, 1132084.676082987338305 ], [ 598545.588523719110526, 1132140.422644628910348 ], [ 598549.388671596418135, 1132146.715584942372516 ], [ 598572.262115517864004, 1132182.271482738200575 ], [ 598581.175127684487961, 1132195.868981753475964 ], [ 598589.295865466585383, 1132208.376935286214575 ], [ 598627.515412112814374, 1132269.138280404731631 ], [ 598637.381991487462074, 1132285.048604400362819 ], [ 598645.341016158927232, 1132297.02291686902754 ], [ 598670.120887666125782, 1132337.304775310913101 ], [ 598678.064760653302073, 1132347.911366591928527 ] ] } },
{ "type": "Feature", "properties": { "bikenet_hierarchy": "primary", "road_hierarchy": "secondary", "length": 497.2819797373736 }, "geometry": { "type": "LineString", "coordinates": [ [ 598294.998141238698736, 1132659.215886286925524 ], [ 598344.690509847248904, 1132642.142070958856493 ], [ 598362.825357459718361, 1132625.567548911087215 ], [ 598385.827542389510199, 1132604.365655168192461 ], [ 598394.11084256414324, 1132597.146218945272267 ], [ 598404.292600596323609, 1132587.824529947247356 ], [ 598410.156911249738187, 1132582.696418391307816 ], [ 598417.304077105014585, 1132576.522644012700766 ], [ 598437.99033948557917, 1132557.65687399613671 ], [ 598450.782053243601695, 1132546.588653206359595 ], [ 598466.102854335913435, 1132533.329075955087319 ], [ 598472.040686653112061, 1132528.490131529280916 ], [ 598484.649242277257144, 1132517.477642057696357 ], [ 598497.748971969238482, 1132505.942398515529931 ], [ 598521.184983479673974, 1132485.452632606728002 ], [ 598532.210389515617862, 1132476.119825506815687 ], [ 598545.845510121085681, 1132464.306546268751845 ], [ 598563.395525202387944, 1132449.879021089989692 ], [ 598575.821257884497754, 1132439.344953203108162 ], [ 598583.108114766422659, 1132433.182476110290736 ], [ 598592.447457932401448, 1132424.628644784446806 ], [ 598609.403806239482947, 1132410.279263385571539 ], [ 598636.886795370839536, 1132384.273364189313725 ], [ 598667.383688047528267, 1132358.055563390022144 ], [ 598678.064760653302073, 1132347.911366591928527 ] ] } },
{ "type": "Feature", "properties": { "bikenet_hierarchy": "primary", "road_hierarchy": "primary", "length": 371.45659117795947 }, "geometry": { "type": "LineString", "coordinates": [ [ 600349.963498433469795, 1125715.619161696871743 ], [ 600451.167898921994492, 1125673.836156520992517 ], [ 600462.481448315433227, 1125669.177657356020063 ], [ 600556.235608023707755, 1125630.543017856078222 ], [ 600568.569842791184783, 1125625.506744894199073 ], [ 600577.291913569672033, 1125622.038091096328571 ], [ 600683.778851509443484, 1125575.856280405540019 ], [ 600692.684610347030684, 1125572.410069675417617 ] ] } },
{ "type": "Feature", "properties": { "bikenet_hierarchy": "primary", "road_hierarchy": "primary", "length": 921.20975570899395 }, "geometry": { "type": "LineString", "coordinates": [ [ 596136.13184590311721, 1130782.984577542170882 ], [ 596244.521811165381223, 1130716.043656077003106 ], [ 596257.72009655518923, 1130709.751720120664686 ], [ 596271.798290604841895, 1130703.025529705220833 ], [ 596371.248039972619154, 1130654.808349879458547 ], [ 596385.077141295303591, 1130648.104854293633252 ], [ 596400.864071004209109, 1130640.466010809876025 ], [ 596492.286802881397307, 1130596.126115096267313 ], [ 596514.922734052757733, 1130585.147159200161695 ], [ 596530.996157277841121, 1130577.619705251418054 ], [ 596543.161143788369372, 1130571.762793747009709 ], [ 596548.022740395274013, 1130569.413367373170331 ], [ 596614.23032119020354, 1130537.412609097082168 ], [ 596623.198353003710508, 1130533.070197496330366 ], [ 596650.520363157149404, 1130519.609108806587756 ], [ 596673.714406220475212, 1130508.663820341229439 ], [ 596685.153721135458909, 1130503.130148151889443 ], [ 596690.748728298931383, 1130500.424557318445295 ], [ 596716.010664934525266, 1130488.221617483301088 ], [ 596753.262103406130336, 1130470.162449442083016 ], [ 596793.513052513473667, 1130450.745110637973994 ], [ 596954.031134542892687, 1130360.642429189523682 ] ] } },
{ "type": "Feature", "properties": { "bikenet_hierarchy": "primary", "road_hierarchy": "primary", "length": 791.96351156233425 }, "geometry": { "type": "LineString", "coordinates": [ [ 595967.87677626288496, 1127658.968508394667879 ], [ 595975.264965361333452, 1127666.180005827685818 ], [ 596013.189383594202809, 1127702.737327025970444 ], [ 596038.99850715266075, 1127731.186009492725134 ], [ 596125.437602192745544, 1127818.616950193187222 ], [ 596234.977706615231, 1127940.994857442565262 ], [ 596299.99227954482194, 1128010.473259976599365 ], [ 596306.396188476704992, 1128017.63026625290513 ], [ 596319.299722937401384, 1128032.489121592603624 ], [ 596334.956209194846451, 1128049.058651742525399 ], [ 596416.749459283426404, 1128138.843602329259738 ], [ 596483.131254717824049, 1128207.711647836258635 ], [ 596489.028706518234685, 1128215.391837015282363 ], [ 596505.290925516048446, 1128239.812252633506432 ] ] } },
{ "type": "Feature", "properties": { "bikenet_hierarchy": "primary", "road_hierarchy": "secondary", "length": 279.31634394295628 }, "geometry": { "type": "LineString", "coordinates": [ [ 596347.412425650982186, 1128469.779503733385354 ], [ 596476.994644670630805, 1128272.779352587647736 ], [ 596480.997260105679743, 1128266.671827500453219 ], [ 596505.290925516048446, 1128239.812252633506432 ] ] } },
{ "type": "Feature", "properties": { "bikenet_hierarchy": "primary", "road_hierarchy": "secondary", "length": 1232.4796161934685 }, "geometry": { "type": "LineString", "coordinates": [ [ 597442.030735937529244, 1127507.076154047623277 ], [ 597430.965936439693905, 1127512.285598375601694 ], [ 597418.991389090078883, 1127518.062623464502394 ], [ 597414.214784203912131, 1127520.366762392688543 ], [ 597313.041009745677002, 1127568.76618179329671 ], [ 597264.740300146280788, 1127591.853422120912001 ], [ 597195.023045658599585, 1127625.171487894142047 ], [ 597183.012271672603674, 1127630.904562395066023 ], [ 597171.999364839866757, 1127636.170098619535565 ], [ 597162.820740195224062, 1127640.567329614888877 ], [ 597035.348604386905208, 1127701.484636168926954 ], [ 597027.101971403928474, 1127705.42565968236886 ], [ 596976.404517029528506, 1127729.662102011265233 ], [ 596966.477844428503886, 1127734.404798492090777 ], [ 596959.581281256512739, 1127737.711323360679671 ], [ 596890.308145286166109, 1127771.244265573099256 ], [ 596884.079327908344567, 1127774.261380039388314 ], [ 596802.965899457922205, 1127813.506828593323007 ], [ 596792.841592978336848, 1127818.605796433752403 ], [ 596782.284201860195026, 1127823.493756910553202 ], [ 596776.012010887614451, 1127827.422867529094219 ], [ 596760.100070020183921, 1127849.005325537873432 ], [ 596732.180569746764377, 1127892.023471586871892 ], [ 596716.476503555546515, 1127916.986442567780614 ], [ 596711.02937312645372, 1127925.874696598853916 ], [ 596705.68498532299418, 1127934.740653590066358 ], [ 596678.901814573910087, 1127974.511309763882309 ], [ 596649.780979422619566, 1128018.976218524388969 ], [ 596641.650397049961612, 1128031.391266564372927 ], [ 596604.025647558504716, 1128088.516349359648302 ], [ 596588.81334937538486, 1128111.833600315032527 ], [ 596583.615550855640322, 1128119.82109500723891 ], [ 596553.733902607462369, 1128165.588039136491716 ], [ 596514.931038104230538, 1128225.049695797264576 ], [ 596512.548496223520488, 1128228.698615434579551 ], [ 596505.290925516048446, 1128239.812252633506432 ] ] } },
{ "type": "Feature", "properties": { "bikenet_hierarchy": "secondary", "road_hierarchy": "quaternary", "length": 531.9737581698779 }, "geometry": { "type": "LineString", "coordinates": [ [ 604610.322160802315921, 1127600.212551780045033 ], [ 604619.048945170245133, 1127599.230061752256006 ], [ 604625.434361213818192, 1127598.557011848082766 ], [ 604745.423673197044991, 1127600.94828106299974 ], [ 604846.148393408628181, 1127603.158619022462517 ], [ 604862.990695503074676, 1127603.74037019838579 ], [ 604874.402522782911547, 1127603.950471183750778 ], [ 604918.58852971426677, 1127605.757274050964043 ], [ 604964.998333939234726, 1127607.410723559558392 ], [ 604976.89429967792239, 1127607.866108579095453 ], [ 604986.904264931567013, 1127608.208634865004569 ], [ 605004.128060495131649, 1127608.902357455110177 ], [ 605029.564281219965778, 1127609.381116858916357 ], [ 605048.08717366005294, 1127609.942704446613789 ], [ 605059.682312955963425, 1127610.309034945443273 ], [ 605075.09376897092443, 1127610.578773692250252 ], [ 605128.453728423686698, 1127611.906308780657127 ], [ 605142.008364289999008, 1127612.252370697911829 ] ] } },
{ "type": "Feature", "properties": { "bikenet_hierarchy": "primary", "road_hierarchy": "secondary", "length": 261.11292450016197 }, "geometry": { "type": "LineString", "coordinates": [ [ 605148.274928493192419, 1126131.470764972735196 ], [ 605128.833887174143456, 1126134.110595990670845 ], [ 605106.223957340000197, 1126142.218694741139188 ], [ 605078.996924133389257, 1126158.162367796292529 ], [ 605069.133413738454692, 1126163.424346776446328 ], [ 605028.48908119276166, 1126185.883621745975688 ], [ 605006.433764365268871, 1126198.062588185770437 ], [ 605001.615779273328371, 1126200.782702788477764 ], [ 604995.762234103633091, 1126204.080141868907958 ], [ 604970.967350668041036, 1126218.069380233529955 ], [ 604959.723024008912034, 1126224.420097416965291 ], [ 604925.395326924975961, 1126243.783225105376914 ], [ 604916.80940803012345, 1126249.035480913938954 ] ] } },
{ "type": "Feature", "properties": { "bikenet_hierarchy": "primary", "road_hierarchy": "primary", "length": 125.64944496445065 }, "geometry": { "type": "LineString", "coordinates": [ [ 598433.988700321293436, 1129158.010027895448729 ], [ 598414.384557622019202, 1129157.704439645400271 ], [ 598325.908404092886485, 1129154.106212760088965 ], [ 598308.41725800326094, 1129153.811460819793865 ] ] } },
{ "type": "Feature", "properties": { "bikenet_hierarchy": "primary", "road_hierarchy": "primary", "length": 291.24902702477101 }, "geometry": { "type": "LineString", "coordinates": [ [ 598433.988700321293436, 1129158.010027895448729 ], [ 598440.775298366788775, 1129158.063645540503785 ], [ 598446.109191257390194, 1129158.084333169041201 ], [ 598563.477658611605875, 1129161.598784962436184 ], [ 598638.283779681310989, 1129160.389290027786046 ], [ 598645.627729350933805, 1129159.48668780666776 ], [ 598701.191470226855017, 1129136.93237874773331 ], [ 598719.223699522204697, 1129129.444171370007098 ] ] } },
{ "type": "Feature", "properties": { "bikenet_hierarchy": "primary", "road_hierarchy": "primary", "length": 824.89677421916406 }, "geometry": { "type": "LineString", "coordinates": [ [ 599470.205839842208661, 1128788.505157083971426 ], [ 599388.685132037964649, 1128825.388605411397293 ], [ 599368.46489238506183, 1128836.077489032875746 ], [ 599206.110082046128809, 1128912.461706743575633 ], [ 599191.546840029535815, 1128919.15825736313127 ], [ 599178.649044044315815, 1128925.076175652910024 ], [ 599106.721187697723508, 1128957.847835424588993 ], [ 599096.604105973383412, 1128962.442177885212004 ], [ 599080.874420533655211, 1128968.516496123978868 ], [ 598792.204183092806488, 1129099.469495645957068 ], [ 598776.775994338910095, 1129105.366688779788092 ], [ 598762.60244963504374, 1129111.263632065849379 ], [ 598754.943498905631714, 1129114.590335089014843 ], [ 598752.58859105152078, 1129115.602817653911188 ], [ 598719.223699522204697, 1129129.444171370007098 ] ] } },
{ "type": "Feature", "properties": { "bikenet_hierarchy": "primary", "road_hierarchy": "primary", "length": 500.2255313298877 }, "geometry": { "type": "LineString", "coordinates": [ [ 595630.194375353050418, 1127291.386178589891642 ], [ 595645.003291995613836, 1127307.48739404976368 ], [ 595651.569600799470209, 1127313.731665832223371 ], [ 595656.138035750249401, 1127317.998153925407678 ], [ 595675.482771226088516, 1127334.473930360749364 ], [ 595764.163487923447974, 1127429.525860546855256 ], [ 595771.633375409059227, 1127437.248548326315358 ], [ 595777.619760062429123, 1127443.704700414789841 ], [ 595948.029788561863825, 1127625.578400317579508 ], [ 595958.764832300366834, 1127643.051252188626677 ], [ 595967.87677626288496, 1127658.968508394667879 ] ] } },
{ "type": "Feature", "properties": { "bikenet_hierarchy": "primary", "road_hierarchy": "primary", "length": 788.12906457693657 }, "geometry": { "type": "LineString", "coordinates": [ [ 605148.274928493192419, 1126131.470764972735196 ], [ 605133.344296205206774, 1126114.732380101224408 ], [ 605122.311413785908371, 1126106.204250169219449 ], [ 605071.913756032357924, 1126060.276700814487413 ], [ 605062.621204767958261, 1126050.949621384497732 ], [ 605049.156214565737173, 1126036.514655006350949 ], [ 604986.571786980493926, 1125981.658557761926204 ], [ 604829.927284047240391, 1125897.619796426733956 ], [ 604823.763644017395563, 1125894.200601804535836 ], [ 604814.723593587521464, 1125889.222121117636561 ], [ 604803.951569612952881, 1125883.586080557433888 ], [ 604491.117271207855083, 1125705.140471824910492 ] ] } },
{ "type": "Feature", "properties": { "bikenet_hierarchy": "primary", "road_hierarchy": "primary", "length": 1339.1084801330799 }, "geometry": { "type": "LineString", "coordinates": [ [ 603345.982191868009977, 1125021.61790751433 ], [ 603395.835712494561449, 1125047.490953620756045 ], [ 603409.714894509525038, 1125055.917284278199077 ], [ 603591.545317979413085, 1125172.947484419215471 ], [ 603594.31202816485893, 1125174.939755266532302 ], [ 603611.963595161796547, 1125196.090419401414692 ], [ 603902.613398436224088, 1125399.649690916528925 ], [ 603924.429055962478742, 1125416.256125486921519 ], [ 603945.909568082890473, 1125429.014851113082841 ], [ 603957.893277624971233, 1125436.729536465834826 ], [ 604019.587560816900805, 1125475.94959243782796 ], [ 604102.321733816177584, 1125525.883248205995187 ], [ 604105.946406259783544, 1125528.766012204810977 ], [ 604147.589585307054222, 1125546.911346434615552 ], [ 604491.117271207855083, 1125705.140471824910492 ] ] } },
{ "type": "Feature", "properties": { "bikenet_hierarchy": "primary", "road_hierarchy": "primary", "length": 461.10974302619127 }, "geometry": { "type": "LineString", "coordinates": [ [ 604707.557561156223528, 1126743.233329637674615 ], [ 604724.579775493359193, 1126812.003327540587634 ], [ 604740.313377286773175, 1126876.491042215842754 ], [ 604742.178557562059723, 1126884.143259510397911 ], [ 604760.661204170086421, 1126960.73204325302504 ], [ 604780.956204361864366, 1127045.940522570861503 ], [ 604805.532335085561499, 1127144.963929722085595 ], [ 604792.733165362966247, 1127190.812738045817241 ] ] } },
{ "type": "Feature", "properties": { "bikenet_hierarchy": "primary", "road_hierarchy": "primary", "length": 401.14482610845204 }, "geometry": { "type": "LineString", "coordinates": [ [ 604590.683695990242995, 1127510.201360678998753 ], [ 604588.768006922327913, 1127492.552176220575348 ], [ 604588.040093454997987, 1127485.245667653623968 ], [ 604586.785177920362912, 1127476.215110164368525 ], [ 604581.093963656458072, 1127426.625881011597812 ], [ 604622.571548416628502, 1127377.308958626817912 ], [ 604661.310126399737783, 1127339.432655362877995 ], [ 604665.423682430293411, 1127335.154843036783859 ], [ 604792.733165362966247, 1127190.812738045817241 ] ] } },
{ "type": "Feature", "properties": { "bikenet_hierarchy": "primary", "road_hierarchy": "quaternary", "length": 436.38583822592778 }, "geometry": { "type": "LineString", "coordinates": [ [ 600318.401637031347491, 1128945.285436466801912 ], [ 600299.786881576175801, 1128955.637387905502692 ], [ 600246.672579080448486, 1128982.290152905043215 ], [ 600203.596015787450597, 1129003.372522001620382 ], [ 600193.852290907292627, 1129008.142788220429793 ], [ 600182.538437938317657, 1129013.713681829860434 ], [ 600043.545726428856142, 1129082.20087002706714 ], [ 600037.478080380358733, 1129085.181070596212521 ], [ 600009.979327515466139, 1129098.836699289269745 ], [ 599982.400008350959979, 1129112.792708507506177 ], [ 599927.439846194232814, 1129139.070480156922713 ] ] } },
{ "type": "Feature", "properties": { "bikenet_hierarchy": "primary", "road_hierarchy": "quaternary", "length": 283.22670844049145 }, "geometry": { "type": "LineString", "coordinates": [ [ 599672.77825461991597, 1129263.01564463111572 ], [ 599683.636220819200389, 1129257.64390020724386 ], [ 599686.416743705049157, 1129256.264822729397565 ], [ 599699.255584529833868, 1129249.847688572015613 ], [ 599788.115933086490259, 1129207.108172462554649 ], [ 599801.908778547192924, 1129200.468829084187746 ], [ 599810.081789632095024, 1129196.554188702022657 ], [ 599891.027478634379804, 1129156.863587274216115 ], [ 599905.29746332031209, 1129150.024326049024239 ], [ 599909.684848478762433, 1129147.911391549743712 ], [ 599917.27840324328281, 1129144.074765350669622 ], [ 599927.439846194232814, 1129139.070480156922713 ] ] } },
{ "type": "Feature", "properties": { "bikenet_hierarchy": "primary", "road_hierarchy": "primary", "length": 255.25453573782252 }, "geometry": { "type": "LineString", "coordinates": [ [ 603452.022014283575118, 1132822.480155039578676 ], [ 603472.922375718364492, 1132839.373365513747558 ], [ 603483.020699271466583, 1132847.619620144600049 ], [ 603499.799148761667311, 1132866.40079130535014 ], [ 603502.421720601501875, 1132870.016460561659187 ], [ 603580.076237610541284, 1132981.500011538388208 ], [ 603582.361654115607962, 1132984.781900538364425 ], [ 603588.470738864503801, 1132993.548445334192365 ], [ 603608.687885657767765, 1133022.295758311403915 ] ] } },
{ "type": "Feature", "properties": { "bikenet_hierarchy": "secondary", "road_hierarchy": "secondary", "length": 243.18433503787108 }, "geometry": { "type": "LineString", "coordinates": [ [ 602646.519734106725082, 1129094.574479270493612 ], [ 602639.752186564845033, 1129100.765205427771434 ], [ 602612.579884652863257, 1129124.549576421733946 ], [ 602578.801564900088124, 1129155.06984048220329 ], [ 602566.97722261864692, 1129165.350544994929805 ], [ 602553.229575410601683, 1129178.065706961555406 ], [ 602537.654627933516167, 1129191.8920916269999 ], [ 602472.587869842653163, 1129251.311294458573684 ], [ 602465.828128123073839, 1129257.313194875605404 ] ] } },
{ "type": "Feature", "properties": { "bikenet_hierarchy": "secondary", "road_hierarchy": "secondary", "length": 850.75449863860604 }, "geometry": { "type": "LineString", "coordinates": [ [ 600867.170921815792099, 1126131.563228131271899 ], [ 600856.050252813496627, 1126126.49083203705959 ], [ 600846.309558600187302, 1126122.041382231516764 ], [ 600841.303427928360179, 1126119.616482445970178 ], [ 600739.608965742518194, 1126070.841239793924615 ], [ 600731.791331856627949, 1126067.014956905739382 ], [ 600725.76472393120639, 1126064.467715255916119 ], [ 600714.819781643222086, 1126060.996920100646093 ], [ 600694.551712157786824, 1126058.336824607104063 ], [ 600659.887984749744646, 1126055.77528503537178 ], [ 600633.827715600375086, 1126054.371351401787251 ], [ 600622.838366675772704, 1126053.647400436922908 ], [ 600612.994193202001043, 1126053.045908407540992 ], [ 600492.588297966634855, 1126045.12862226809375 ], [ 600383.479777405154891, 1126038.215431230142713 ], [ 600372.967525219661184, 1126037.536485694115981 ], [ 600363.483028077171184, 1126036.512894439511001 ], [ 600125.253498019417748, 1126020.491677184356377 ], [ 600115.409210882382467, 1126019.946671251906082 ], [ 600050.815663319663145, 1126015.820754197658971 ], [ 600042.27072043006774, 1126015.298118392471224 ], [ 600033.703752458095551, 1126014.65317466459237 ] ] } },
{ "type": "Feature", "properties": { "bikenet_hierarchy": "primary", "road_hierarchy": "secondary", "length": 750.72710948980159 }, "geometry": { "type": "LineString", "coordinates": [ [ 598167.634486472001299, 1125806.950414906488732 ], [ 598175.595190829597414, 1125815.032027912093326 ], [ 598266.742750727105886, 1125923.133797958726063 ], [ 598312.260525398072787, 1125978.419594472972676 ], [ 598320.118293064762838, 1125987.446656671352684 ], [ 598328.210435351589695, 1125994.827880743891001 ], [ 598370.271612820099108, 1126033.223786039277911 ], [ 598410.812176082283258, 1126070.085886710090563 ], [ 598416.877426355844364, 1126075.599663925822824 ], [ 598447.093834739760496, 1126104.725496745668352 ], [ 598453.819970609736629, 1126111.206572101684287 ], [ 598452.978601535200141, 1126121.003631361760199 ], [ 598448.853027114761062, 1126171.634681795723736 ], [ 598478.766502201557159, 1126222.100263238651678 ], [ 598539.564147350378335, 1126281.68708040076308 ], [ 598618.548554737120867, 1126305.652112493524328 ], [ 598663.77583776647225, 1126306.404535724082962 ] ] } },
{ "type": "Feature", "properties": { "bikenet_hierarchy": "secondary", "road_hierarchy": "secondary", "length": 288.01156169491099 }, "geometry": { "type": "LineString", "coordinates": [ [ 601126.330350875738077, 1126257.175731452414766 ], [ 601104.860742981196381, 1126247.052306642290205 ], [ 601076.205177089665085, 1126233.213514414150268 ], [ 601064.512414381490089, 1126227.662428749492392 ], [ 600997.731930484063923, 1126195.368939528707415 ], [ 600990.971661511110142, 1126191.909434751607478 ], [ 600970.323699506581761, 1126181.920112848980352 ], [ 600957.676532462472096, 1126175.66852789465338 ], [ 600951.217136897379532, 1126172.520483974600211 ], [ 600907.49125224002637, 1126151.129584101261571 ], [ 600885.573037125519477, 1126141.029181248042732 ], [ 600867.170921815792099, 1126131.563228131271899 ] ] } },
{ "type": "Feature", "properties": { "bikenet_hierarchy": "secondary", "road_hierarchy": "quaternary", "length": 574.61565143397172 }, "geometry": { "type": "LineString", "coordinates": [ [ 599332.411333088879474, 1132508.561692391289398 ], [ 599359.878592706169002, 1132509.314346774015576 ], [ 599401.180268950294703, 1132494.73087491071783 ], [ 599437.005217454978265, 1132483.595549520337954 ], [ 599491.175581643474288, 1132467.443397819064558 ], [ 599500.64149415679276, 1132464.595699082827196 ], [ 599547.018007681122981, 1132450.646658341400325 ], [ 599560.993396019563079, 1132447.164806632325053 ], [ 599568.237694190116599, 1132444.973507585935295 ], [ 599661.988807845045812, 1132416.498634497169405 ], [ 599671.550216941279359, 1132413.628981637302786 ], [ 599769.745854657143354, 1132383.732259820913896 ], [ 599781.177164312917739, 1132380.517978243296966 ], [ 599788.4069746916648, 1132378.382569079520181 ], [ 599871.572492291685194, 1132362.944522842532024 ], [ 599885.973700489383191, 1132362.87734914268367 ] ] } },
{ "type": "Feature", "properties": { "bikenet_hierarchy": "secondary", "road_hierarchy": "quaternary", "length": 1097.7675281268259 }, "geometry": { "type": "LineString", "coordinates": [ [ 600959.970804789452814, 1132230.742502119857818 ], [ 600951.384280918748118, 1132229.840370771707967 ], [ 600948.407234642538242, 1132229.484044174198061 ], [ 600887.810063036973588, 1132223.981223590206355 ], [ 600876.569081335444935, 1132222.87864613905549 ], [ 600865.782822378329001, 1132221.131192801753059 ], [ 600805.772645690245554, 1132211.626123247202486 ], [ 600668.21229582990054, 1132251.94167820061557 ], [ 600664.787716943537816, 1132253.653792727738619 ], [ 600630.703397105215117, 1132270.463708888273686 ], [ 600577.18713412550278, 1132292.709683841792867 ], [ 600565.454577043652534, 1132295.521967032458633 ], [ 600529.846179862041026, 1132305.90494765387848 ], [ 600523.099957252969034, 1132307.883746415842324 ], [ 600516.390501731075346, 1132308.683826167136431 ], [ 600460.383333562756889, 1132312.504722291836515 ], [ 600365.219824107829481, 1132317.180079437093809 ], [ 600304.190220719669014, 1132315.786951266229153 ], [ 600296.762299368041568, 1132314.485566631658003 ], [ 600248.821657405933365, 1132307.066551126539707 ], [ 600231.780571756185964, 1132306.143004142679274 ], [ 600216.535853179986589, 1132309.634241417516023 ], [ 600097.812571885064244, 1132327.068307371810079 ], [ 600089.218709188862704, 1132328.480496122734621 ], [ 600057.732359038665891, 1132333.606742143863812 ], [ 600005.648755550268106, 1132342.113813901087269 ], [ 599999.027410692418925, 1132343.192523600533605 ], [ 599992.816693020518869, 1132344.093315217411146 ], [ 599960.758569021942094, 1132348.697475508553907 ], [ 599898.116358778788708, 1132358.807040601270273 ], [ 599885.973700489383191, 1132362.87734914268367 ] ] } },
{ "type": "Feature", "properties": { "bikenet_hierarchy": "primary", "road_hierarchy": "primary", "length": 323.66374533796147 }, "geometry": { "type": "LineString", "coordinates": [ [ 602739.927033082349226, 1132004.349183488404378 ], [ 602752.333772025653161, 1132021.024260009173304 ], [ 602823.457748984917998, 1132107.26247726380825 ], [ 602849.590926666976884, 1132138.990166900679469 ], [ 602866.306911649415269, 1132159.292834831867367 ], [ 602924.317221330013126, 1132229.790748414583504 ], [ 602933.565602936316282, 1132240.481978153577074 ], [ 602945.06327200087253, 1132254.666111528174952 ] ] } },
{ "type": "Feature", "properties": { "bikenet_hierarchy": "primary", "road_hierarchy": "primary", "length": 764.35705431098665 }, "geometry": { "type": "LineString", "coordinates": [ [ 603452.022014283575118, 1132822.480155039578676 ], [ 603445.106024793931283, 1132813.679905423661694 ], [ 603427.580382238025777, 1132793.230429141549394 ], [ 603393.812069668900222, 1132751.920975610148162 ], [ 603390.046163966995664, 1132747.314978338545188 ], [ 603374.250504605122842, 1132726.833356429822743 ], [ 603364.447762363241054, 1132714.117198136867955 ], [ 603355.802928247838281, 1132702.280237261438742 ], [ 603307.559178615454584, 1132674.406875253655016 ], [ 603186.721625345875509, 1132537.893390023848042 ], [ 603178.346343914046884, 1132527.980637084227055 ], [ 603169.458154354942963, 1132517.378161330940202 ], [ 603162.204017099342309, 1132508.622555780690163 ], [ 603120.356326791923493, 1132458.82559795724228 ], [ 603108.565944544854574, 1132445.163582315435633 ], [ 603096.914962405571714, 1132431.245906380238011 ], [ 603058.018635517684743, 1132386.021408736240119 ], [ 603004.384925484657288, 1132323.653219418833032 ], [ 602995.437417759792879, 1132313.039872008142993 ], [ 602987.259115157881752, 1132303.727999189170077 ], [ 602956.01901479146909, 1132267.415491269435734 ], [ 602945.06327200087253, 1132254.666111528174952 ] ] } },
{ "type": "Feature", "properties": { "bikenet_hierarchy": "secondary", "road_hierarchy": "secondary", "length": 382.84902780541267 }, "geometry": { "type": "LineString", "coordinates": [ [ 600520.57453490968328, 1129744.767430781153962 ], [ 600517.866435931646265, 1129757.722119603538886 ], [ 600508.187296153511852, 1129792.794111165218055 ], [ 600502.22137382812798, 1129814.333257745485753 ], [ 600496.270297512877733, 1129834.282237490639091 ], [ 600489.497570650535636, 1129855.120766630163416 ], [ 600467.506678965175524, 1129923.585531400516629 ], [ 600465.48887074389495, 1129929.679195384029299 ], [ 600461.475242156768218, 1129942.311331192031503 ], [ 600458.136631244327873, 1129953.486786213470623 ], [ 600455.905551617150195, 1129967.186586735071614 ], [ 600454.335049170535058, 1129976.093672815011814 ], [ 600453.69632972299587, 1129983.099289699224755 ], [ 600466.221093561383896, 1130045.873179364949465 ], [ 600478.349975516903214, 1130101.841565032023937 ], [ 600481.400548526202329, 1130115.163680925499648 ] ] } },
{ "type": "Feature", "properties": { "bikenet_hierarchy": "primary", "road_hierarchy": "primary", "length": 189.78418044894673 }, "geometry": { "type": "LineString", "coordinates": [ [ 599034.830871040467173, 1129946.971389384474605 ], [ 599041.757719772635028, 1129917.001446963753551 ], [ 599051.811336244107224, 1129895.915906598558649 ], [ 599058.580040782457218, 1129883.126569383079186 ], [ 599060.516021307208575, 1129879.267546612769365 ], [ 599064.40352307446301, 1129876.364503955002874 ], [ 599075.039028366561979, 1129867.666694013867527 ], [ 599088.756306790979579, 1129862.726960363797843 ], [ 599110.398033455014229, 1129867.371431172359735 ], [ 599137.622831454733387, 1129874.97300651948899 ], [ 599141.679765755892731, 1129876.095466636354104 ], [ 599154.349359381827526, 1129879.218141562771052 ], [ 599169.843422706238925, 1129883.396803294075653 ] ] } },
{ "type": "Feature", "properties": { "bikenet_hierarchy": "primary", "road_hierarchy": "secondary", "length": 166.58714364096437 }, "geometry": { "type": "LineString", "coordinates": [ [ 600860.507913775276393, 1128676.420640852535143 ], [ 600857.816153479972854, 1128668.8919385636691 ], [ 600831.953972268151119, 1128599.198547715088353 ], [ 600791.504395564086735, 1128525.288789208978415 ] ] } },
{ "type": "Feature", "properties": { "bikenet_hierarchy": "primary", "road_hierarchy": "primary", "length": 473.32004233920401 }, "geometry": { "type": "LineString", "coordinates": [ [ 602130.098355992580764, 1127445.678510483819991 ], [ 602120.334169308538549, 1127454.126131395576522 ], [ 602117.515088714426383, 1127456.438060044078156 ], [ 602088.436332757002674, 1127519.567239380441606 ], [ 602084.688496342394501, 1127532.998948658583686 ], [ 602059.528930329950526, 1127597.697655270807445 ], [ 602055.261166033218615, 1127608.338049064623192 ], [ 602053.689305025269277, 1127612.029355071950704 ], [ 602019.064034988288768, 1127674.923370066797361 ], [ 602010.928801723639481, 1127685.729225439019501 ], [ 601972.045950296567753, 1127733.454203847330064 ], [ 601944.954632682609372, 1127766.705100879073143 ], [ 601937.75243046565447, 1127775.342962503666058 ], [ 601888.187519653816707, 1127840.034178064204752 ], [ 601889.271703533595428, 1127845.839232869911939 ] ] } },
{ "type": "Feature", "properties": { "bikenet_hierarchy": "primary", "road_hierarchy": "tertiary", "length": 573.46681475197079 }, "geometry": { "type": "LineString", "coordinates": [ [ 602579.368502361816354, 1128620.927052395185456 ], [ 602574.70965798816178, 1128603.733244482427835 ], [ 602549.704273198265582, 1128520.076471756678075 ], [ 602547.037412151112221, 1128511.07910370035097 ], [ 602527.981757192872465, 1128444.705757684307173 ], [ 602523.981198074179702, 1128431.560004823142663 ], [ 602521.673289131140336, 1128423.719300200231373 ], [ 602496.525812808657065, 1128342.442404906498268 ], [ 602493.550850937725045, 1128332.844440624350682 ], [ 602490.304727460374124, 1128322.445710851810873 ], [ 602483.511855475255288, 1128301.036519051296636 ], [ 602479.247523565776646, 1128286.511789390118793 ], [ 602434.866079764440656, 1128136.015233472688124 ], [ 602390.857885212637484, 1128084.88345533865504 ] ] } },
{ "type": "Feature", "properties": { "bikenet_hierarchy": "primary", "road_hierarchy": "secondary", "length": 702.60433962724881 }, "geometry": { "type": "LineString", "coordinates": [ [ 602130.098355992580764, 1127445.678510483819991 ], [ 602138.829183382214978, 1127452.898746220394969 ], [ 602202.722994040115736, 1127642.865747991250828 ], [ 602205.64006589690689, 1127652.608095533680171 ], [ 602207.670277473283932, 1127659.403270909097046 ], [ 602258.806939614820294, 1127825.802454479737207 ], [ 602261.584657940315083, 1127834.855329134035856 ], [ 602284.824804617441259, 1127910.559218211565167 ], [ 602286.517743016476743, 1127916.142194668995216 ], [ 602322.264768619439565, 1128020.441097046481445 ], [ 602332.069914520019665, 1128035.568473195424303 ], [ 602390.857885212637484, 1128084.88345533865504 ] ] } },
{ "type": "Feature", "properties": { "bikenet_hierarchy": "primary", "road_hierarchy": "secondary", "length": 777.87259777362078 }, "geometry": { "type": "LineString", "coordinates": [ [ 602226.814788673189469, 1127329.799704048316926 ], [ 602233.189182253554463, 1127338.50925718806684 ], [ 602281.756101259612478, 1127494.855074209859595 ], [ 602285.237576194806024, 1127506.187866756459698 ], [ 602288.066484212642536, 1127515.98582300497219 ], [ 602311.256026100483723, 1127592.212452033301815 ], [ 602318.760916436440311, 1127617.024478579871356 ], [ 602329.79077942064032, 1127653.858799992827699 ], [ 602352.941455091349781, 1127732.532009424641728 ], [ 602355.83631451940164, 1127741.996424272190779 ], [ 602365.678540937253274, 1127774.704762877896428 ], [ 602390.857885212637484, 1128084.88345533865504 ] ] } },
{ "type": "Feature", "properties": { "bikenet_hierarchy": "primary", "road_hierarchy": "tertiary", "length": 350.57804636066862 }, "geometry": { "type": "LineString", "coordinates": [ [ 601103.268708600662649, 1129332.091554574202746 ], [ 601117.420105560217053, 1129336.931506563676521 ], [ 601140.293992175720632, 1129345.353876879904419 ], [ 601236.726505515049212, 1129378.278072950430214 ], [ 601249.97535412304569, 1129382.740087569691241 ], [ 601315.712990658124909, 1129405.339643857674673 ], [ 601325.345092374947853, 1129408.57780271791853 ], [ 601389.695437754504383, 1129431.511522646527737 ], [ 601434.781820607720874, 1129446.067704933695495 ] ] } },
{ "type": "Feature", "properties": { "bikenet_hierarchy": "primary", "road_hierarchy": "secondary", "length": 425.9836608817032 }, "geometry": { "type": "LineString", "coordinates": [ [ 601836.745188456145115, 1129586.996672953944653 ], [ 601755.607668170821853, 1129557.669612866360694 ], [ 601745.352426329744048, 1129554.641795311588794 ], [ 601709.606284776469693, 1129542.154210562817752 ], [ 601595.691597373224795, 1129501.766388959717005 ], [ 601583.609759706421755, 1129497.448430124437436 ], [ 601542.727832919335924, 1129483.336969732306898 ], [ 601535.648856258485466, 1129480.866403461899608 ], [ 601508.36714725533966, 1129471.651707381242886 ], [ 601494.861904369550757, 1129467.344687958946452 ], [ 601486.880538605502807, 1129464.740507557755336 ], [ 601458.967937737004831, 1129454.725244323257357 ], [ 601442.499116933089681, 1129448.705104012507945 ], [ 601434.781820607720874, 1129446.067704933695495 ] ] } },
{ "type": "Feature", "properties": { "bikenet_hierarchy": "secondary", "road_hierarchy": "tertiary", "length": 115.96697977673709 }, "geometry": { "type": "LineString", "coordinates": [ [ 603429.757464541587979, 1131618.404355657519773 ], [ 603434.161062607658096, 1131612.769157916773111 ], [ 603493.641369809629396, 1131534.253488750662655 ], [ 603502.100802160450257, 1131528.353989727562293 ] ] } },
{ "type": "Feature", "properties": { "bikenet_hierarchy": "primary", "road_hierarchy": "primary", "length": 288.20003119440162 }, "geometry": { "type": "LineString", "coordinates": [ [ 598242.344904257799499, 1131157.363502513384447 ], [ 598261.840353504288942, 1131160.960062861908227 ], [ 598265.52233833016362, 1131161.648317112820223 ], [ 598352.59856091265101, 1131177.111142600188032 ], [ 598417.34799016173929, 1131188.634266350883991 ], [ 598437.554669363773428, 1131192.375797379296273 ], [ 598447.492972408304922, 1131194.218838283326477 ], [ 598457.291855947580189, 1131195.839535320876166 ], [ 598523.774426379124634, 1131217.215813654474914 ] ] } },
{ "type": "Feature", "properties": { "bikenet_hierarchy": "primary", "road_hierarchy": "primary", "length": 226.36970202859922 }, "geometry": { "type": "LineString", "coordinates": [ [ 599497.487520605558529, 1131578.6022210016381 ], [ 599456.132406052201986, 1131579.166988235898316 ], [ 599398.320315512479283, 1131501.272788971895352 ], [ 599358.069457985344343, 1131474.878587726503611 ], [ 599319.54379773628898, 1131464.597473113099113 ] ] } },
{ "type": "Feature", "properties": { "bikenet_hierarchy": "secondary", "road_hierarchy": "primary", "length": 188.83313848950121 }, "geometry": { "type": "LineString", "coordinates": [ [ 594783.397830929025076, 1129131.580232205567881 ], [ 594925.664559918339364, 1129255.750003142282367 ] ] } },
{ "type": "Feature", "properties": { "bikenet_hierarchy": "primary", "road_hierarchy": "primary", "length": 749.01634036640178 }, "geometry": { "type": "LineString", "coordinates": [ [ 595282.27669969573617, 1129914.352612325223163 ], [ 595252.540343727334403, 1129858.866792094893754 ], [ 595147.04468586447183, 1129671.240914243040606 ], [ 595118.469498633290641, 1129621.02571058482863 ], [ 594925.664559918339364, 1129255.750003142282367 ] ] } },
{ "type": "Feature", "properties": { "bikenet_hierarchy": "primary", "road_hierarchy": "primary", "length": 542.173047106186 }, "geometry": { "type": "LineString", "coordinates": [ [ 595452.097482485347427, 1127405.145626750774682 ], [ 595475.269422143581323, 1127425.487318173283711 ], [ 595500.945729545550421, 1127474.883889545919374 ], [ 595523.34417819220107, 1127510.194085057359189 ], [ 595555.875036397599615, 1127560.541629305342212 ], [ 595784.755817422061227, 1127830.478601709008217 ] ] } },
{ "type": "Feature", "properties": { "bikenet_hierarchy": "primary", "road_hierarchy": "primary", "length": 852.27995876658883 }, "geometry": { "type": "LineString", "coordinates": [ [ 596347.412425650982186, 1128469.779503733385354 ], [ 596239.784763642936014, 1128335.266035279957578 ], [ 596070.774425103212707, 1128147.844570758752525 ], [ 596008.380153791978955, 1128080.835610879352316 ], [ 595959.297579567297362, 1128035.557292107725516 ], [ 595784.755817422061227, 1127830.478601709008217 ] ] } },
{ "type": "Feature", "properties": { "bikenet_hierarchy": "primary", "road_hierarchy": "tertiary", "length": 486.42371731045131 }, "geometry": { "type": "LineString", "coordinates": [ [ 602646.519734106725082, 1129094.574479270493612 ], [ 602650.538845486938953, 1129082.210811887867749 ], [ 602653.331090881023556, 1129073.271561854751781 ], [ 602654.359944874770008, 1129069.70249285781756 ], [ 602658.976118537131697, 1129051.545538811711594 ], [ 602655.117996881017461, 1128877.692025681491941 ], [ 602649.778391104075126, 1128858.051411861088127 ], [ 602646.394088828586973, 1128846.318113792454824 ], [ 602584.497276436304674, 1128637.342672108672559 ], [ 602579.368502361816354, 1128620.927052395185456 ] ] } },
{ "type": "Feature", "properties": { "bikenet_hierarchy": "primary", "road_hierarchy": "primary", "length": 763.36479570147355 }, "geometry": { "type": "LineString", "coordinates": [ [ 600593.113992556347512, 1124333.641232825815678 ], [ 600831.061325870337896, 1124409.108446177328005 ], [ 600843.169478945783339, 1124413.991892874706537 ], [ 600857.083887601387687, 1124419.798597824526951 ], [ 600935.517966136685573, 1124452.859535537194461 ], [ 600938.117241903091781, 1124453.971962281037122 ], [ 600952.112236932385713, 1124459.701078281737864 ], [ 600969.705028570722789, 1124467.121082106139511 ], [ 601031.947729683946818, 1124492.607929217163473 ], [ 601041.522338259965181, 1124496.590632868465036 ], [ 601048.563841187162325, 1124499.171762238256633 ], [ 601065.635948093840852, 1124501.54344594432041 ], [ 601068.440940793137997, 1124501.777482628589496 ], [ 601087.186924004228786, 1124505.839797637192532 ], [ 601298.070958675816655, 1124506.494857350131497 ], [ 601325.718700148165226, 1124500.952213697368279 ] ] } },
{ "type": "Feature", "properties": { "bikenet_hierarchy": "primary", "road_hierarchy": "primary", "length": 354.75633846405816 }, "geometry": { "type": "LineString", "coordinates": [ [ 595691.052379802800715, 1126184.164048382546753 ], [ 595451.643776033306494, 1126268.570619057863951 ], [ 595437.128903204575181, 1126274.565332194790244 ], [ 595427.376637110137381, 1126278.743520575109869 ], [ 595418.813311966368929, 1126282.609366844873875 ], [ 595360.398824729607441, 1126311.559784061275423 ] ] } },
{ "type": "Feature", "properties": { "bikenet_hierarchy": "primary", "road_hierarchy": "primary", "length": 405.03214027237311 }, "geometry": { "type": "LineString", "coordinates": [ [ 600199.381321101682261, 1124424.212339736055583 ], [ 600363.921732818242162, 1124371.810058265924454 ], [ 600593.113992556347512, 1124333.641232825815678 ] ] } },
{ "type": "Feature", "properties": { "bikenet_hierarchy": "primary", "road_hierarchy": "primary", "length": 118.36381660682366 }, "geometry": { "type": "LineString", "coordinates": [ [ 600959.970804789452814, 1132230.742502119857818 ], [ 600959.932318500825204, 1132241.840353277046233 ], [ 600960.380518859950826, 1132325.608122332487255 ], [ 600960.464649660279974, 1132349.104902335908264 ] ] } },
{ "type": "Feature", "properties": { "bikenet_hierarchy": "primary", "road_hierarchy": "primary", "length": 929.8557606676452 }, "geometry": { "type": "LineString", "coordinates": [ [ 605290.89983871660661, 1130268.484611268155277 ], [ 605291.89119018916972, 1130259.611707201926038 ], [ 605296.59401861729566, 1130212.333480907604098 ], [ 605300.190832049003802, 1130186.582731420174241 ], [ 605301.718679475132376, 1130168.958815698511899 ], [ 605305.894521487061866, 1130120.612566046882421 ], [ 605312.758124594576657, 1130030.735283230664209 ], [ 605313.906693522003479, 1130018.61546161910519 ], [ 605314.356151293613948, 1130001.123963786289096 ], [ 605315.860047584865242, 1129931.713697750819847 ], [ 605320.647426222683862, 1129865.498030067887157 ], [ 605321.650027258554474, 1129852.644143650308251 ], [ 605327.731824008398689, 1129737.011965312529355 ], [ 605329.593126937164925, 1129723.803056213306263 ], [ 605328.92581531079486, 1129708.145310205873102 ], [ 605325.030971411033534, 1129645.946841663215309 ], [ 605321.131894079386257, 1129626.583019609563053 ], [ 605317.113854416995309, 1129547.226114949444309 ], [ 605309.831431302241981, 1129374.82417761022225 ], [ 605307.59818740573246, 1129341.107712168712169 ] ] } },
{ "type": "Feature", "properties": { "bikenet_hierarchy": "primary", "road_hierarchy": "primary", "length": 969.33784906205256 }, "geometry": { "type": "LineString", "coordinates": [ [ 594944.817864929558709, 1126579.141640702728182 ], [ 595322.534107229439542, 1127193.494680671254173 ], [ 595452.097482485347427, 1127405.145626750774682 ] ] } },
{ "type": "Feature", "properties": { "bikenet_hierarchy": "secondary", "road_hierarchy": "secondary", "length": 211.33692417832182 }, "geometry": { "type": "LineString", "coordinates": [ [ 595630.194375353050418, 1127291.386178589891642 ], [ 595620.658540759352036, 1127297.988037318224087 ], [ 595606.082745433785021, 1127307.229428496444598 ], [ 595452.097482485347427, 1127405.145626750774682 ] ] } },
{ "type": "Feature", "properties": { "bikenet_hierarchy": "primary", "road_hierarchy": "quaternary", "length": 454.81748773274217 }, "geometry": { "type": "LineString", "coordinates": [ [ 602075.32523704553023, 1131559.306450157891959 ], [ 602038.222044344176538, 1131483.82088136090897 ], [ 602033.53972712601535, 1131472.788062614621595 ], [ 602006.675057944259606, 1131413.552849889034405 ], [ 602002.674267416936345, 1131403.654548405203968 ], [ 601963.257031680317596, 1131312.177963697584346 ], [ 601958.895998894236982, 1131304.381268054014072 ], [ 601946.925788281019777, 1131264.878559374483302 ], [ 601933.472354728262872, 1131229.967972480459139 ], [ 601919.718547185068019, 1131193.58946365583688 ], [ 601907.460961243952624, 1131156.533164913766086 ], [ 601901.056448537507094, 1131139.873110163025558 ] ] } },
{ "type": "Feature", "properties": { "bikenet_hierarchy": "secondary", "road_hierarchy": "tertiary", "length": 250.81742136795083 }, "geometry": { "type": "LineString", "coordinates": [ [ 604352.594275235082023, 1131985.052433081902564 ], [ 604340.410566103761084, 1131980.027799318078905 ], [ 604317.553777028922923, 1131960.38313102745451 ], [ 604299.970704670762643, 1131929.455706132343039 ], [ 604270.925973808509298, 1131878.859236519783735 ], [ 604250.046250119805336, 1131842.869808904826641 ], [ 604238.365451522637159, 1131822.021878603613004 ], [ 604226.199489320046268, 1131802.596979487221688 ], [ 604213.162345635821112, 1131781.080872142920271 ] ] } },
{ "type": "Feature", "properties": { "bikenet_hierarchy": "primary", "road_hierarchy": "quaternary", "length": 1179.2749214304881 }, "geometry": { "type": "LineString", "coordinates": [ [ 602459.88753056479618, 1131358.841365273110569 ], [ 602317.742421835428104, 1131015.038273934973404 ], [ 602313.806712265941314, 1131008.064359589014202 ], [ 602145.08590426761657, 1130757.495410898467526 ], [ 602137.763098086463287, 1130745.349493969464675 ], [ 602081.387998798163608, 1130646.237299912143499 ], [ 602062.820287981652655, 1130614.571590062230825 ], [ 602034.803351477836259, 1130566.889601183356717 ], [ 601983.031971719232388, 1130402.082509528379887 ], [ 601989.843935104785487, 1130388.095806629164144 ], [ 602027.29407788219396, 1130315.650485020363703 ], [ 602030.773223133990541, 1130309.480073311366141 ] ] } },
{ "type": "Feature", "properties": { "bikenet_hierarchy": "primary", "road_hierarchy": "quaternary", "length": 550.57089865515752 }, "geometry": { "type": "LineString", "coordinates": [ [ 602282.608826584299095, 1129819.891170002752915 ], [ 602275.626803492195904, 1129833.610562890535221 ], [ 602221.057384848594666, 1129938.896245960844681 ], [ 602188.623011771356687, 1130002.97988028312102 ], [ 602162.701047462760471, 1130054.111268660984933 ], [ 602157.811862445902079, 1130063.661571144126356 ], [ 602154.464216976193711, 1130070.476919063832611 ], [ 602118.347291435697116, 1130138.974244909128174 ], [ 602113.091154003283009, 1130149.402937618317083 ], [ 602089.68136766331736, 1130194.931073188781738 ], [ 602059.445219880668446, 1130253.723104823613539 ], [ 602030.773223133990541, 1130309.480073311366141 ] ] } },
{ "type": "Feature", "properties": { "bikenet_hierarchy": "primary", "road_hierarchy": "primary", "length": 348.3677570240759 }, "geometry": { "type": "LineString", "coordinates": [ [ 601305.232770279049873, 1129874.783452313859016 ], [ 601311.537801992963068, 1129891.631837499095127 ], [ 601353.522873170091771, 1130008.335896625649184 ], [ 601356.381901009241119, 1130016.39864323171787 ], [ 601359.497569925384596, 1130024.884015810443088 ], [ 601374.100785051123239, 1130064.575126955518499 ], [ 601376.937832113704644, 1130072.28203567257151 ], [ 601402.184992596972734, 1130140.910282826516777 ], [ 601421.977623677928932, 1130194.71419692505151 ], [ 601424.675259999581613, 1130202.031891989987344 ] ] } },
{ "type": "Feature", "properties": { "bikenet_hierarchy": "secondary", "road_hierarchy": "quaternary", "length": 612.88218642599679 }, "geometry": { "type": "LineString", "coordinates": [ [ 601912.468184683239087, 1129832.931555188493803 ], [ 601851.441677722847089, 1129874.133573323953897 ], [ 601783.809261944144964, 1129929.901524086948484 ], [ 601776.823777609039098, 1129935.615072543965653 ], [ 601768.121273632277735, 1129942.795949976891279 ], [ 601727.184590092860162, 1129976.566262853331864 ], [ 601690.739063329296187, 1130006.290491115534678 ], [ 601686.189790036529303, 1130010.103339307941496 ], [ 601680.936173720052466, 1130014.327427428215742 ], [ 601639.663667575921863, 1130046.163391396170482 ], [ 601634.923747865715995, 1130049.931746603222564 ], [ 601594.729500504094176, 1130083.947894295677543 ], [ 601589.321877504466102, 1130088.527869664598256 ], [ 601568.637881603208371, 1130106.425519700627774 ], [ 601564.763751871883869, 1130109.860569532029331 ], [ 601520.418266247725114, 1130144.598929477157071 ], [ 601514.042800592142157, 1130147.944390333257616 ], [ 601506.581664188764989, 1130151.367413541534916 ], [ 601433.919284180738032, 1130196.652065883390605 ], [ 601424.675259999581613, 1130202.031891989987344 ] ] } },
{ "type": "Feature", "properties": { "bikenet_hierarchy": "secondary", "road_hierarchy": "quaternary", "length": 625.55948171098453 }, "geometry": { "type": "LineString", "coordinates": [ [ 600836.66636899812147, 1130397.764402729691938 ], [ 600846.444346924545243, 1130396.676028711721301 ], [ 601019.470391417504288, 1130377.743818522198126 ], [ 601424.675259999581613, 1130202.031891989987344 ] ] } },
{ "type": "Feature", "properties": { "bikenet_hierarchy": "primary", "road_hierarchy": "primary", "length": 398.04705680843853 }, "geometry": { "type": "LineString", "coordinates": [ [ 601677.978574627544731, 1131540.082078821025789 ], [ 602054.746250518015586, 1131561.345053790602833 ], [ 602067.441282721352763, 1131560.048616507556289 ], [ 602075.32523704553023, 1131559.306450157891959 ] ] } },
{ "type": "Feature", "properties": { "bikenet_hierarchy": "primary", "road_hierarchy": "primary", "length": 281.47251348281304 }, "geometry": { "type": "LineString", "coordinates": [ [ 602354.941434534965083, 1131527.868156111333519 ], [ 602343.536475274711847, 1131530.409918758319691 ], [ 602220.507784773246385, 1131545.472497361712158 ], [ 602088.20362437365111, 1131557.999007588485256 ], [ 602075.32523704553023, 1131559.306450157891959 ] ] } },
{ "type": "Feature", "properties": { "bikenet_hierarchy": "primary", "road_hierarchy": "tertiary", "length": 634.61616879063945 }, "geometry": { "type": "LineString", "coordinates": [ [ 602318.095202113850974, 1132140.18117049173452 ], [ 602315.574241915950552, 1132136.388183813076466 ], [ 602312.767913888324983, 1132131.082748144632205 ], [ 602287.449420828837901, 1132053.587602654471993 ], [ 602276.823348397971131, 1132018.521644031163305 ], [ 602273.857205315143801, 1132009.212928268825635 ], [ 602267.106355614843778, 1131983.678472024854273 ], [ 602243.238490230753087, 1131887.758106574881822 ], [ 602240.602629679720849, 1131877.404250273481011 ], [ 602237.350722279283218, 1131867.161352597875521 ], [ 602227.955642289482057, 1131832.918861768208444 ], [ 602224.746876348392107, 1131824.733206743374467 ], [ 602222.263383176759817, 1131818.371534514240921 ], [ 602203.213839554460719, 1131774.495297653600574 ], [ 602180.746293139061891, 1131731.451816345565021 ], [ 602153.519276302889921, 1131687.583727389806882 ], [ 602149.620945546543226, 1131679.453454308211803 ], [ 602145.912453099736013, 1131673.491675171069801 ], [ 602126.175237150979228, 1131641.725230938987806 ], [ 602080.52930224116426, 1131567.02570622577332 ], [ 602075.32523704553023, 1131559.306450157891959 ] ] } },
{ "type": "Feature", "properties": { "bikenet_hierarchy": "primary", "road_hierarchy": "primary", "length": 612.66421000075832 }, "geometry": { "type": "LineString", "coordinates": [ [ 602354.941434534965083, 1131527.868156111333519 ], [ 602367.526908164843917, 1131543.363712360616773 ], [ 602381.211863297270611, 1131560.038491012761369 ], [ 602392.477657993440516, 1131574.299217127030715 ], [ 602448.074154459638521, 1131641.566278690472245 ], [ 602493.722719192039222, 1131697.676036595832556 ], [ 602503.383287011878565, 1131708.844892387744039 ], [ 602514.106417294126004, 1131721.693373274989426 ], [ 602532.503022967139259, 1131744.731324285501614 ], [ 602570.248927172040567, 1131791.208167659118772 ], [ 602612.712650605477393, 1131846.716973268892616 ], [ 602638.459350058576092, 1131878.999489833135158 ], [ 602656.81097156915348, 1131901.915512684965506 ], [ 602677.683546713669784, 1131928.002021836815402 ], [ 602686.229119025869295, 1131938.292179969837889 ], [ 602689.563772968482226, 1131942.341486445162445 ], [ 602731.558438731706701, 1131992.446613715030253 ], [ 602739.927033082349226, 1132004.349183488404378 ] ] } },
{ "type": "Feature", "properties": { "bikenet_hierarchy": "primary", "road_hierarchy": "primary", "length": 817.11875285676774 }, "geometry": { "type": "LineString", "coordinates": [ [ 602971.094692010548897, 1130185.095709112240002 ], [ 602913.205981044913642, 1130236.128951704828069 ], [ 602905.21192970930133, 1130247.33388237375766 ], [ 602833.363274164497852, 1130346.210568497423083 ], [ 602827.77014814899303, 1130353.480303498916328 ], [ 602826.50770791596733, 1130355.025363827124238 ], [ 602816.540012215613388, 1130367.852966983336955 ], [ 602769.109043483622372, 1130430.190978141501546 ], [ 602764.448179826373234, 1130436.382585550891235 ], [ 602759.126940709888004, 1130443.029797601047903 ], [ 602721.003216768614948, 1130494.808690130244941 ], [ 602715.806562471203506, 1130501.911928071873263 ], [ 602693.171264930278994, 1130531.135812375228852 ], [ 602685.11207613197621, 1130542.329909306950867 ], [ 602612.928118939162232, 1130637.606381173245609 ], [ 602606.153928395360708, 1130646.465967264957726 ], [ 602491.453834201325662, 1130842.825335865607485 ] ] } },
{ "type": "Feature", "properties": { "bikenet_hierarchy": "primary", "road_hierarchy": "primary", "length": 518.6554431466443 }, "geometry": { "type": "LineString", "coordinates": [ [ 602459.88753056479618, 1131358.841365273110569 ], [ 602485.877029791241512, 1131228.771344289882109 ], [ 602486.123780473484658, 1131218.040556736523286 ], [ 602487.248186556971632, 1131146.260808108840138 ], [ 602487.212407142505981, 1131144.236934185493737 ], [ 602487.237897099694237, 1131103.025855468818918 ], [ 602487.163626408088021, 1131055.187153063481674 ], [ 602489.256305986666121, 1130900.040439981035888 ], [ 602491.453834201325662, 1130842.825335865607485 ] ] } },
{ "type": "Feature", "properties": { "bikenet_hierarchy": "primary", "road_hierarchy": "primary", "length": 365.57472721985806 }, "geometry": { "type": "LineString", "coordinates": [ [ 599198.045754766324535, 1124727.010332243982702 ], [ 599211.812650958541781, 1124722.304415501421317 ], [ 599272.394526069518179, 1124700.967165309702978 ], [ 599286.235498541849665, 1124700.0200213433709 ], [ 599371.967631946550682, 1124684.140410367399454 ], [ 599443.828656037687324, 1124658.767060405341908 ], [ 599459.086652835132554, 1124655.262567227007821 ], [ 599551.487216778215952, 1124638.728940024739131 ] ] } },
{ "type": "Feature", "properties": { "bikenet_hierarchy": "primary", "road_hierarchy": "primary", "length": 206.39683706066103 }, "geometry": { "type": "LineString", "coordinates": [ [ 599747.655075774877332, 1124574.562721390044317 ], [ 599564.909530009375885, 1124634.146254293853417 ], [ 599551.487216778215952, 1124638.728940024739131 ] ] } },
{ "type": "Feature", "properties": { "bikenet_hierarchy": "primary", "road_hierarchy": "primary", "length": 963.41095727028164 }, "geometry": { "type": "LineString", "coordinates": [ [ 603348.187307878746651, 1131726.920641882810742 ], [ 603337.438784804311581, 1131723.05556708201766 ], [ 603263.5420340616256, 1131693.755149109521881 ], [ 603189.329398597124964, 1131664.032976627349854 ], [ 603155.309280569432303, 1131650.814211050746962 ], [ 603143.282030867296271, 1131638.141677113482729 ], [ 603128.837957381037995, 1131632.695888283196837 ], [ 603100.902893535559997, 1131622.160792808048427 ], [ 603089.002866272465326, 1131617.850762330461293 ], [ 602978.171492969268002, 1131574.289142189314589 ], [ 602964.174583028769121, 1131568.577138286316767 ], [ 602903.061320603941567, 1131543.969855200266466 ], [ 602888.551035223295912, 1131537.990895724622533 ], [ 602874.971876151161268, 1131532.446133754448965 ], [ 602840.847659427206963, 1131518.962369276909158 ], [ 602772.386485770344734, 1131491.105760017875582 ], [ 602717.181500853737816, 1131468.660743770189583 ], [ 602703.272037906805053, 1131462.993923499248922 ], [ 602690.037064389209263, 1131457.727783714421093 ], [ 602562.554738458013162, 1131407.027475966606289 ], [ 602528.37910318619106, 1131390.298549203434959 ], [ 602496.438193909008987, 1131377.885420313803479 ], [ 602485.982384683913551, 1131372.58763884473592 ], [ 602459.88753056479618, 1131358.841365273110569 ] ] } },
{ "type": "Feature", "properties": { "bikenet_hierarchy": "primary", "road_hierarchy": "quaternary", "length": 951.57407956769214 }, "geometry": { "type": "LineString", "coordinates": [ [ 603134.358448568498716, 1132017.020728171337396 ], [ 602979.920850706286728, 1131788.318626301363111 ], [ 602974.195917473058216, 1131783.74523545592092 ], [ 602934.457249686354771, 1131754.044821553165093 ], [ 602864.714006093912758, 1131701.499778040219098 ], [ 602855.044853740837425, 1131694.211200560443103 ], [ 602763.248923115432262, 1131625.065109509741887 ], [ 602757.538177899084985, 1131620.758832580177113 ], [ 602724.043366048019379, 1131595.299750425387174 ], [ 602705.268779685604386, 1131581.145939262118191 ], [ 602667.257465773727745, 1131552.482446505688131 ], [ 602635.42592453060206, 1131528.414701405214146 ], [ 602459.88753056479618, 1131358.841365273110569 ] ] } },
{ "type": "Feature", "properties": { "bikenet_hierarchy": "primary", "road_hierarchy": "primary", "length": 544.45496171631294 }, "geometry": { "type": "LineString", "coordinates": [ [ 603739.679478881997056, 1129170.178343437146395 ], [ 603722.406212135916576, 1129195.84317034855485 ], [ 603646.853334908606485, 1129295.140540437074378 ], [ 603641.50016435678117, 1129302.442970715928823 ], [ 603636.814866031054407, 1129309.401115931337699 ], [ 603608.111992290359922, 1129346.590447566006333 ], [ 603558.746261559659615, 1129412.467770946444944 ], [ 603554.693156089168042, 1129417.75837099715136 ], [ 603546.46945108869113, 1129428.550787698011845 ], [ 603459.620253538480029, 1129547.326001618057489 ], [ 603436.900130920461379, 1129618.413984136423096 ] ] } },
{ "type": "Feature", "properties": { "bikenet_hierarchy": "primary", "road_hierarchy": "primary", "length": 734.30661962483691 }, "geometry": { "type": "LineString", "coordinates": [ [ 602971.094692010548897, 1130185.095709112240002 ], [ 602978.942380538908765, 1130173.657273894175887 ], [ 602987.77386330452282, 1130160.707038301508874 ], [ 603019.326489166123793, 1130114.920185071183369 ], [ 603025.640209847013466, 1130105.393650311976671 ], [ 603068.254263235605322, 1130048.659736122470349 ], [ 603135.244046815554611, 1129968.865478391991928 ], [ 603140.580617440398782, 1129962.663440196076408 ], [ 603146.064164683921263, 1129956.016685309587047 ], [ 603165.046986900502816, 1129933.864978139055893 ], [ 603190.233187646488659, 1129903.89942193729803 ], [ 603197.808978806599043, 1129894.785243595251814 ], [ 603232.626924186712131, 1129853.215982244350016 ], [ 603238.609854403417557, 1129846.013601138722152 ], [ 603242.214909180533141, 1129840.622430550865829 ], [ 603247.016340756090358, 1129834.175543840043247 ], [ 603401.497841691132635, 1129662.906195007497445 ], [ 603436.900130920461379, 1129618.413984136423096 ] ] } },
{ "type": "Feature", "properties": { "bikenet_hierarchy": "primary", "road_hierarchy": "primary", "length": 941.24432399934221 }, "geometry": { "type": "LineString", "coordinates": [ [ 597346.25423510465771, 1125357.605108779389411 ], [ 597304.538853228907101, 1125374.884087210521102 ], [ 597253.968765857862309, 1125390.777838703244925 ], [ 597242.708058876101859, 1125394.097340210573748 ], [ 597230.999819668242708, 1125398.017578932922333 ], [ 597110.278063153848052, 1125439.569607405923307 ], [ 597025.119995446875691, 1125465.058372165309265 ], [ 597006.520075877662748, 1125472.452336901333183 ], [ 596992.361181745422073, 1125478.453891683137044 ], [ 596980.023071213974617, 1125484.465591219253838 ], [ 596826.27346539485734, 1125561.29301666142419 ], [ 596773.531807193416171, 1125586.989246579352766 ], [ 596761.84779501601588, 1125593.368008854566142 ], [ 596748.255885633523576, 1125601.226910011610016 ], [ 596736.851018479908817, 1125607.783480155747384 ], [ 596510.778671552077867, 1125774.002477860543877 ] ] } },
{ "type": "Feature", "properties": { "bikenet_hierarchy": "primary", "road_hierarchy": "primary", "length": 1362.3550053761817 }, "geometry": { "type": "LineString", "coordinates": [ [ 603651.012395350146107, 1133094.58600972010754 ], [ 603802.750706630409695, 1133022.991211354499683 ], [ 603852.90744808211457, 1133022.336041012313217 ], [ 604098.841215489665046, 1132954.255523809231818 ], [ 604106.969223703956231, 1132948.312229506438598 ], [ 604116.374426219961606, 1132940.412748918170109 ], [ 604120.468106689862907, 1132936.990770960925147 ], [ 604156.664928286336362, 1132898.108312804251909 ], [ 604224.067763827508315, 1132770.800289688166231 ], [ 604227.22082633478567, 1132760.727860594633967 ], [ 604258.858378996956162, 1132597.430944521678612 ], [ 604275.536634081508964, 1132476.245692725060508 ], [ 604279.548681274871342, 1132455.509773291647434 ], [ 604325.355499452329241, 1132226.837897204328328 ], [ 604338.559652112075128, 1132163.474669251823798 ], [ 604340.004623384680599, 1132153.512179906014353 ], [ 604343.274544961750507, 1132135.322233113925904 ], [ 604348.86781244375743, 1132118.690908406861126 ] ] } },
{ "type": "Feature", "properties": { "bikenet_hierarchy": "primary", "road_hierarchy": "primary", "length": 1075.4259582111038 }, "geometry": { "type": "LineString", "coordinates": [ [ 603348.187307878746651, 1131726.920641882810742 ], [ 603360.966337334131822, 1131732.188085544621572 ], [ 603402.411862527602352, 1131749.282409071456641 ], [ 603422.603118989034556, 1131757.401239420985803 ], [ 603514.489439509226941, 1131794.365655762609094 ], [ 603534.669484122656286, 1131796.480034678475931 ], [ 603542.895514740375802, 1131799.621092837303877 ], [ 603561.605507707688957, 1131807.016689352924004 ], [ 603645.360112546244636, 1131839.908168139867485 ], [ 603654.971592669025995, 1131843.684139932040125 ], [ 603687.17839342833031, 1131856.326544729992747 ], [ 603705.345517094479874, 1131863.455388697562739 ], [ 603714.67832552595064, 1131867.120079178363085 ], [ 603814.14930916740559, 1131906.185091559076682 ], [ 603824.376379996072501, 1131910.20641946955584 ], [ 603857.146907257148996, 1131923.07260224968195 ], [ 603869.727210223209113, 1131928.040843482827768 ], [ 603879.741515348781832, 1131932.095487236976624 ], [ 603975.602406911551952, 1131970.971866456093267 ], [ 603984.282303126296028, 1131974.503107788274065 ], [ 604051.976390642113984, 1132001.940498820738867 ], [ 604064.109062512987293, 1132006.853258345508948 ], [ 604118.797437028610148, 1132029.02223383798264 ], [ 604139.580372598371468, 1132037.444363503716886 ], [ 604150.69389623682946, 1132041.956235878169537 ], [ 604195.719574456335977, 1132060.282380112679675 ], [ 604317.316881633014418, 1132105.789388751145452 ], [ 604348.86781244375743, 1132118.690908406861126 ] ] } },
{ "type": "Feature", "properties": { "bikenet_hierarchy": "primary", "road_hierarchy": "primary", "length": 135.64513891822995 }, "geometry": { "type": "LineString", "coordinates": [ [ 604352.594275235082023, 1131985.052433081902564 ], [ 604359.741881820955314, 1132016.049721857067198 ], [ 604361.008573348866776, 1132056.138673718087375 ], [ 604352.289837001240812, 1132102.991987745277584 ], [ 604351.40657100151293, 1132107.250299146631733 ], [ 604348.86781244375743, 1132118.690908406861126 ] ] } },
{ "type": "Feature", "properties": { "bikenet_hierarchy": "primary", "road_hierarchy": "primary", "length": 141.21621570650942 }, "geometry": { "type": "LineString", "coordinates": [ [ 595630.194375353050418, 1127291.386178589891642 ], [ 595614.839530477183871, 1127271.882687279721722 ], [ 595550.130418009590358, 1127175.134439402725548 ] ] } },
{ "type": "Feature", "properties": { "bikenet_hierarchy": "primary", "road_hierarchy": "primary", "length": 1104.8347313894965 }, "geometry": { "type": "LineString", "coordinates": [ [ 600548.204779272666201, 1133068.289305963553488 ], [ 600870.236421421868727, 1133095.349417174700648 ], [ 600957.415709797292948, 1133101.479061289457604 ], [ 601077.293191138422117, 1133110.662956063868478 ], [ 601147.060206310241483, 1133113.122758746147156 ], [ 601171.606291064061224, 1133113.616960496874526 ], [ 601187.09789065644145, 1133113.920362791512161 ], [ 601238.462826128350571, 1133114.954198956722394 ], [ 601429.215072156861424, 1133119.646639891434461 ], [ 601474.691864397842437, 1133123.716994928661734 ], [ 601627.257097731926478, 1133141.261408472899348 ], [ 601639.874684844748117, 1133141.353980192216113 ], [ 601650.028832501149736, 1133141.568188915494829 ] ] } },
{ "type": "Feature", "properties": { "bikenet_hierarchy": "primary", "road_hierarchy": "primary", "length": 266.39382051010193 }, "geometry": { "type": "LineString", "coordinates": [ [ 602337.987078571808524, 1127196.238457499071956 ], [ 602513.006446302286349, 1126995.40547085297294 ] ] } },
{ "type": "Feature", "properties": { "bikenet_hierarchy": "secondary", "road_hierarchy": "secondary", "length": 280.89372772460786 }, "geometry": { "type": "LineString", "coordinates": [ [ 602642.162349031306803, 1127244.109138121362776 ], [ 602529.3704964047065, 1127015.027746632229537 ], [ 602513.006446302286349, 1126995.40547085297294 ] ] } },
{ "type": "Feature", "properties": { "bikenet_hierarchy": "primary", "road_hierarchy": "secondary", "length": 739.54506813232206 }, "geometry": { "type": "LineString", "coordinates": [ [ 598167.634486472001299, 1125806.950414906488732 ], [ 598159.945683848578483, 1125799.736088880104944 ], [ 598093.265828243107535, 1125740.945042588282377 ], [ 598087.780043790698983, 1125735.954058869276196 ], [ 598032.66540649079252, 1125687.968393222428858 ], [ 598008.085766919422895, 1125666.860333321848884 ], [ 598002.798035777988844, 1125661.824880096130073 ], [ 597828.980702963075601, 1125460.162086330121383 ], [ 597803.563084262073971, 1125422.897748470539227 ], [ 597696.010300055029802, 1125244.197844297159463 ] ] } },
{ "type": "Feature", "properties": { "bikenet_hierarchy": "primary", "road_hierarchy": "primary", "length": 438.1068687879249 }, "geometry": { "type": "LineString", "coordinates": [ [ 594665.262102326261811, 1126242.52565874136053 ], [ 594738.331386374193244, 1126326.300626425538212 ], [ 594807.830628465279005, 1126425.192173064220697 ], [ 594944.817864929558709, 1126579.141640702728182 ] ] } },
{ "type": "Feature", "properties": { "bikenet_hierarchy": "primary", "road_hierarchy": "tertiary", "length": 701.793490662257 }, "geometry": { "type": "LineString", "coordinates": [ [ 602318.095202113850974, 1132140.18117049173452 ], [ 602347.425026140757836, 1132232.623533096164465 ], [ 602369.363368371734396, 1132305.658375019207597 ], [ 602370.4322258180473, 1132309.739899427164346 ], [ 602384.46795592061244, 1132359.463765314547345 ], [ 602420.386815941659734, 1132487.482493818039075 ], [ 602422.96368894178886, 1132497.135844086995348 ], [ 602426.543481623521075, 1132510.537099516950548 ], [ 602439.971471392200328, 1132555.95736689073965 ], [ 602446.165343709639274, 1132577.388476133113727 ], [ 602447.388012184062973, 1132581.603523201309144 ], [ 602468.003170190029778, 1132639.414768033660948 ], [ 602472.135618135682307, 1132646.099755275761709 ], [ 602496.862008671625517, 1132674.377928983187303 ], [ 602512.204035174450837, 1132683.870181677630171 ], [ 602586.357998948195018, 1132755.61720604961738 ], [ 602592.302651929669082, 1132759.222847441444173 ], [ 602598.496951060020365, 1132762.039083295268938 ] ] } },
{ "type": "Feature", "properties": { "bikenet_hierarchy": "secondary", "road_hierarchy": "quaternary", "length": 596.89700196390027 }, "geometry": { "type": "LineString", "coordinates": [ [ 604128.813183568650857, 1126647.844119446817786 ], [ 604128.914205156732351, 1126660.165275876643136 ], [ 604707.557561156223528, 1126743.233329637674615 ] ] } },
{ "type": "Feature", "properties": { "bikenet_hierarchy": "secondary", "road_hierarchy": "quaternary", "length": 299.216838202551 }, "geometry": { "type": "LineString", "coordinates": [ [ 605005.258195085334592, 1126715.669389159651473 ], [ 604996.302186167798936, 1126716.895708723925054 ], [ 604830.038638157304376, 1126737.544196741655469 ], [ 604822.888645243365318, 1126738.438754079863429 ], [ 604707.557561156223528, 1126743.233329637674615 ] ] } },
{ "type": "Feature", "properties": { "bikenet_hierarchy": "primary", "road_hierarchy": "primary", "length": 150.97988193433872 }, "geometry": { "type": "LineString", "coordinates": [ [ 602226.814788673189469, 1127329.799704048316926 ], [ 602209.927380039240234, 1127347.952223868342116 ], [ 602130.098355992580764, 1127445.678510483819991 ] ] } },
{ "type": "Feature", "properties": { "bikenet_hierarchy": "primary", "road_hierarchy": "primary", "length": 87.611616737567715 }, "geometry": { "type": "LineString", "coordinates": [ [ 602282.480902360752225, 1127262.623066926840693 ], [ 602272.245660337153822, 1127273.016248857835308 ], [ 602233.116619129665196, 1127317.792470440035686 ], [ 602226.814788673189469, 1127329.799704048316926 ] ] } },
{ "type": "Feature", "properties": { "bikenet_hierarchy": "primary", "road_hierarchy": "tertiary", "length": 236.5216580952592 }, "geometry": { "type": "LineString", "coordinates": [ [ 602542.436288336641155, 1129306.263551392126828 ], [ 602548.949314767960459, 1129298.205362507374957 ], [ 602637.158599934657104, 1129124.271890117553994 ], [ 602642.676898518227972, 1129106.57126872939989 ], [ 602646.519734106725082, 1129094.574479270493612 ] ] } },
{ "type": "Feature", "properties": { "bikenet_hierarchy": "primary", "road_hierarchy": "primary", "length": 236.46479997078779 }, "geometry": { "type": "LineString", "coordinates": [ [ 599857.893062493763864, 1124534.936782367294654 ], [ 599865.470912981545553, 1124531.811769199790433 ], [ 599869.876636003609747, 1124529.754401081940159 ], [ 600047.452051892643794, 1124470.94822981627658 ], [ 600066.007988849654794, 1124466.844922062009573 ], [ 600082.838330760248937, 1124462.663826031144708 ] ] } },
{ "type": "Feature", "properties": { "bikenet_hierarchy": "secondary", "road_hierarchy": "quaternary", "length": 335.64658294357764 }, "geometry": { "type": "LineString", "coordinates": [ [ 605339.105138875427656, 1126687.566536682192236 ], [ 605311.826373017625883, 1126690.554079859517515 ], [ 605256.923008641810156, 1126689.723735853563994 ], [ 605213.755808957736008, 1126689.627683743368834 ], [ 605202.20843174494803, 1126691.084774686256424 ], [ 605135.655041551333852, 1126699.585693238303065 ], [ 605111.28301507991273, 1126702.699218861060217 ], [ 605090.574161419761367, 1126705.338022698182613 ], [ 605014.68354462145362, 1126714.921669956296682 ], [ 605005.258195085334592, 1126715.669389159651473 ] ] } },
{ "type": "Feature", "properties": { "bikenet_hierarchy": "primary", "road_hierarchy": "primary", "length": 255.89649207163069 }, "geometry": { "type": "LineString", "coordinates": [ [ 602399.119946994120255, 1124558.527440117206424 ], [ 602374.706759003340267, 1124553.468608273426071 ], [ 602369.369398420793004, 1124551.153387061087415 ], [ 602184.288852704805322, 1124459.048920184606686 ], [ 602167.806772239156999, 1124450.835950386011973 ] ] } },
{ "type": "Feature", "properties": { "bikenet_hierarchy": "primary", "road_hierarchy": "primary", "length": 229.11297326022594 }, "geometry": { "type": "LineString", "coordinates": [ [ 594399.608739786432125, 1126967.888880552491173 ], [ 594498.430985403596424, 1126894.529452837537974 ], [ 594508.156390435062349, 1126887.30274158064276 ], [ 594581.181004549260251, 1126828.237820465350524 ] ] } },
{ "type": "Feature", "properties": { "bikenet_hierarchy": "primary", "road_hierarchy": "primary", "length": 1245.4661408082295 }, "geometry": { "type": "LineString", "coordinates": [ [ 598294.998141238698736, 1132659.215886286925524 ], [ 598311.022479546139948, 1132670.264188750414178 ], [ 598483.560547174653038, 1132763.321069764439017 ], [ 598489.940361327142455, 1132766.57745009008795 ], [ 598657.21602602431085, 1132862.076544424286112 ], [ 598665.707742985454388, 1132867.423172921175137 ], [ 598670.195588967064396, 1132870.257672912906855 ], [ 598724.364015759900212, 1132901.62529833894223 ], [ 598731.726193235255778, 1132905.693488766439259 ], [ 598975.261379239964299, 1133017.108481758274138 ], [ 599000.959205900318921, 1133017.815216193674132 ], [ 599003.591307000489905, 1133017.8814363386482 ], [ 599025.403243653825484, 1133018.210940439952537 ], [ 599078.851897830725648, 1133020.469760457752272 ], [ 599093.654827915132046, 1133021.556940533686429 ], [ 599114.733854184276424, 1133023.543819066369906 ], [ 599140.710216044564731, 1133024.117715130792931 ], [ 599180.118331369827501, 1133025.067678950494155 ], [ 599247.966074990807101, 1133025.546664242167026 ], [ 599269.792652098229155, 1133026.032812484772876 ], [ 599286.509025803534314, 1133026.541993465740234 ], [ 599430.277083178632893, 1133031.272208157228306 ], [ 599450.791502081323415, 1133034.105559942079708 ] ] } },
{ "type": "Feature", "properties": { "bikenet_hierarchy": "primary", "road_hierarchy": "primary", "length": 613.34131349504071 }, "geometry": { "type": "LineString", "coordinates": [ [ 600063.685015890281647, 1133051.764863685006276 ], [ 600045.847042114590295, 1133049.952280958881602 ], [ 599989.312426389777102, 1133047.217095688916743 ], [ 599943.225446217926219, 1133046.361568586435169 ], [ 599925.189494800171815, 1133046.061712554423138 ], [ 599889.154219838324934, 1133044.62816879269667 ], [ 599841.982076650718227, 1133042.828310295706615 ], [ 599810.49249096470885, 1133043.296644756570458 ], [ 599778.599558546906337, 1133041.563399522565305 ], [ 599537.239973793621175, 1133038.222374586155638 ], [ 599472.471577904536389, 1133036.34950023284182 ], [ 599450.791502081323415, 1133034.105559942079708 ] ] } },
{ "type": "Feature", "properties": { "bikenet_hierarchy": "primary", "road_hierarchy": "primary", "length": 603.08371101774594 }, "geometry": { "type": "LineString", "coordinates": [ [ 605339.105138875427656, 1126687.566536682192236 ], [ 605330.132682743249461, 1126636.672334677306935 ], [ 605314.040383422630839, 1126562.230091401143 ], [ 605300.404478522017598, 1126505.582404166692868 ], [ 605297.993379046907648, 1126493.748317350400612 ], [ 605295.012195187387988, 1126479.30046475189738 ], [ 605279.525863599497825, 1126415.122758484445512 ], [ 605268.952119598747231, 1126364.282741086324677 ], [ 605260.497337928973138, 1126323.664121933747083 ], [ 605253.811917665181682, 1126282.63573482260108 ], [ 605235.444094287115149, 1126221.535712497774512 ], [ 605148.274928493192419, 1126131.470764972735196 ] ] } },
{ "type": "Feature", "properties": { "bikenet_hierarchy": "primary", "road_hierarchy": "primary", "length": 86.602018823137286 }, "geometry": { "type": "LineString", "coordinates": [ [ 602282.480902360752225, 1127262.623066926840693 ], [ 602290.594086572295055, 1127254.74218879151158 ], [ 602337.987078571808524, 1127196.238457499071956 ] ] } },
{ "type": "Feature", "properties": { "bikenet_hierarchy": "secondary", "road_hierarchy": "tertiary", "length": 361.03815034139683 }, "geometry": { "type": "LineString", "coordinates": [ [ 603348.187307878746651, 1131726.920641882810742 ], [ 603308.724729957291856, 1131778.98379482794553 ], [ 603293.524856897769496, 1131800.236489738104865 ], [ 603281.393705821828917, 1131815.875368249136955 ], [ 603276.902263290481642, 1131821.788638669531792 ], [ 603270.525258617242798, 1131829.268748389091343 ], [ 603247.12851070065517, 1131860.713934574974701 ], [ 603243.664695381885394, 1131865.071012190543115 ], [ 603213.135358757805079, 1131905.274865986313671 ], [ 603207.689724706113338, 1131912.97798286518082 ], [ 603189.62984869221691, 1131935.686063569970429 ], [ 603184.353223384707235, 1131942.888894867151976 ], [ 603158.737135752104223, 1131989.199967562686652 ], [ 603134.358448568498716, 1132017.020728171337396 ] ] } },
{ "type": "Feature", "properties": { "bikenet_hierarchy": "primary", "road_hierarchy": "quaternary", "length": 1052.2616851524842 }, "geometry": { "type": "LineString", "coordinates": [ [ 603452.022014283575118, 1132822.480155039578676 ], [ 603455.063954072189517, 1132811.929053629981354 ], [ 603504.420050561893731, 1132687.514641131507233 ], [ 603508.37071420752909, 1132677.987185833277181 ], [ 603536.957954928977415, 1132609.683251081965864 ], [ 603547.657229623757303, 1132584.136020829435438 ], [ 603551.1604537172243, 1132575.108717399183661 ], [ 603570.041543471626937, 1132528.438528468366712 ], [ 603592.195278239436448, 1132444.217923165066168 ], [ 603587.566505891270936, 1132435.841524683404714 ], [ 603581.936398234101944, 1132422.404845036566257 ], [ 603572.136619772645645, 1132347.382401755778119 ], [ 603546.924642235389911, 1132328.061905996641144 ], [ 603537.382078356575221, 1132320.872294715838507 ], [ 603473.668849156005308, 1132273.227330680936575 ], [ 603463.847705889260396, 1132265.626230320427567 ], [ 603420.245533547713421, 1132232.483825770206749 ], [ 603409.625161060830578, 1132224.570971986278892 ], [ 603351.751767554786056, 1132180.656199383782223 ], [ 603258.761480949819088, 1132109.299379096599296 ], [ 603249.482014879118651, 1132102.34394012670964 ], [ 603167.292656967532821, 1132040.435884477570653 ], [ 603139.379600449232385, 1132020.581962795229629 ], [ 603134.358448568498716, 1132017.020728171337396 ] ] } },
{ "type": "Feature", "properties": { "bikenet_hierarchy": "secondary", "road_hierarchy": "tertiary", "length": 135.77826488080888 }, "geometry": { "type": "LineString", "coordinates": [ [ 603429.757464541587979, 1131618.404355657519773 ], [ 603424.31137504032813, 1131625.895977429347113 ], [ 603356.215857409522869, 1131717.273189237806946 ], [ 603351.996269318391569, 1131722.052311107283458 ], [ 603348.187307878746651, 1131726.920641882810742 ] ] } },
{ "type": "Feature", "properties": { "bikenet_hierarchy": "primary", "road_hierarchy": "primary", "length": 93.301734654394963 }, "geometry": { "type": "LineString", "coordinates": [ [ 604590.683695990242995, 1127510.201360678998753 ], [ 604592.279377624508925, 1127524.291848229011521 ], [ 604604.376216823467985, 1127548.443548371316865 ], [ 604605.258035554550588, 1127555.972587899537757 ], [ 604610.322160802315921, 1127600.212551780045033 ] ] } },
{ "type": "Feature", "properties": { "bikenet_hierarchy": "primary", "road_hierarchy": "primary", "length": 1873.0025706507954 }, "geometry": { "type": "LineString", "coordinates": [ [ 603739.679478881997056, 1129170.178343437146395 ], [ 603745.315272325882688, 1129157.538546663010493 ], [ 603893.63553501770366, 1128695.00988887110725 ], [ 603895.473571371287107, 1128689.729116136208177 ], [ 603900.537096298998222, 1128678.223329013446346 ], [ 603913.861607893602923, 1128668.235644136788324 ], [ 603927.792632085620426, 1128661.884690875420347 ], [ 603939.169499291223474, 1128656.577266486827284 ], [ 604063.801937947515398, 1128599.453341639600694 ], [ 604100.548615834792145, 1128579.374972738791257 ], [ 604175.649450413417071, 1128519.904541230294853 ], [ 604244.958309632376768, 1128465.823984687449411 ], [ 604253.263952677603811, 1128457.101005367469043 ], [ 604258.137593015213497, 1128445.673241066513583 ], [ 604321.647748561459593, 1128320.131431384943426 ], [ 604371.31434896576684, 1128221.990579551551491 ], [ 604375.5476340490859, 1128213.620447189547122 ], [ 604379.861807789537124, 1128205.050219427794218 ], [ 604397.809471585205756, 1128169.435471917502582 ], [ 604401.182679504854605, 1128163.088542692130432 ], [ 604405.3424891771283, 1128154.951897444203496 ], [ 604449.004147388972342, 1128072.541966180782765 ], [ 604452.81823085329961, 1128065.617173230042681 ], [ 604456.294549316633493, 1128058.95899645332247 ], [ 604506.250448214821517, 1127962.843438218114898 ], [ 604545.329910845728591, 1127887.769844627706334 ], [ 604551.671875701984391, 1127876.94401603541337 ], [ 604557.684880447923206, 1127864.583351743873209 ], [ 604567.851623964961618, 1127825.170861366437748 ], [ 604570.930486410507001, 1127811.317721654661 ], [ 604573.227403519209474, 1127802.434632614720613 ], [ 604580.087414631736465, 1127768.56839570379816 ], [ 604581.555500740068965, 1127759.184226592769846 ], [ 604594.368563414900564, 1127705.962777346372604 ], [ 604610.322160802315921, 1127600.212551780045033 ] ] } },
{ "type": "Feature", "properties": { "bikenet_hierarchy": "primary", "road_hierarchy": "quaternary", "length": 605.25793120294816 }, "geometry": { "type": "LineString", "coordinates": [ [ 600860.507913775276393, 1128676.420640852535143 ], [ 600848.906530964304693, 1128682.11245031375438 ], [ 600819.532570495270193, 1128696.820193445309997 ], [ 600812.033175916294567, 1128700.555512723280117 ], [ 600802.03887094266247, 1128705.680516245774925 ], [ 600789.300244613550603, 1128711.839341010898352 ], [ 600740.57674912607763, 1128735.229759153677151 ], [ 600729.80477604328189, 1128740.621678954456002 ], [ 600679.592127456446178, 1128765.535906217759475 ], [ 600674.286912918440066, 1128768.193011609138921 ], [ 600636.600315862335265, 1128786.203468268737197 ], [ 600617.940539173898287, 1128795.242171978577971 ], [ 600611.343936357297935, 1128798.666492914315313 ], [ 600560.97820851393044, 1128824.204507382353768 ], [ 600550.294642352731898, 1128829.474463826511055 ], [ 600538.789286640239879, 1128835.144692265894264 ], [ 600507.876128155738115, 1128850.009636972332373 ], [ 600501.257667873287573, 1128853.178325065411627 ], [ 600439.945478639332578, 1128883.576049019349739 ], [ 600428.858569211908616, 1128889.246535499347374 ], [ 600413.618739013909362, 1128896.317904332652688 ], [ 600405.327464564237744, 1128900.187164690578356 ], [ 600350.113698022440076, 1128926.783202107762918 ], [ 600345.307740352349356, 1128929.107046915916726 ], [ 600333.303814513143152, 1128936.000887733651325 ], [ 600318.401637031347491, 1128945.285436466801912 ] ] } },
{ "type": "Feature", "properties": { "bikenet_hierarchy": "secondary", "road_hierarchy": "quaternary", "length": 194.40967804063555 }, "geometry": { "type": "LineString", "coordinates": [ [ 604120.414440197986551, 1130748.699426133185625 ], [ 604274.446533601148985, 1130630.085611095884815 ] ] } },
{ "type": "Feature", "properties": { "bikenet_hierarchy": "primary", "road_hierarchy": "quaternary", "length": 117.79706332214245 }, "geometry": { "type": "LineString", "coordinates": [ [ 600966.308325186371803, 1128624.628554734867066 ], [ 600925.090104367118329, 1128644.8048831068445 ], [ 600872.681686080759391, 1128670.450938031077385 ], [ 600860.507913775276393, 1128676.420640852535143 ] ] } },
{ "type": "Feature", "properties": { "bikenet_hierarchy": "primary", "road_hierarchy": "secondary", "length": 699.20184606991052 }, "geometry": { "type": "LineString", "coordinates": [ [ 601103.268708600662649, 1129332.091554574202746 ], [ 601100.540696030366234, 1129325.719218497863039 ], [ 601091.638812068384141, 1129300.308105775155127 ], [ 601089.152955397381447, 1129293.535497149219736 ], [ 601066.603997332276776, 1129231.992671819170937 ], [ 601060.957468820386566, 1129216.823820067569613 ], [ 601057.599002415663563, 1129207.070879157166928 ], [ 601042.221432626713067, 1129164.28907293220982 ], [ 601022.399326251936145, 1129110.909070522058755 ], [ 601004.945472213556059, 1129064.546330687357113 ], [ 601002.987399926758371, 1129059.319545730249956 ], [ 600971.305873548611999, 1128973.800604213494807 ], [ 600957.862938865670003, 1128937.457892312668264 ], [ 600943.407736467197537, 1128898.379504513926804 ], [ 600923.935791054856963, 1128845.756076513789594 ], [ 600920.921459331759252, 1128837.593447018647566 ], [ 600901.317068124189973, 1128784.614234123611823 ], [ 600899.300135617027991, 1128779.153954485431314 ], [ 600869.052984214969911, 1128697.405530093470588 ], [ 600865.304961190326139, 1128687.763848771573976 ], [ 600860.507913775276393, 1128676.420640852535143 ] ] } },
{ "type": "Feature", "properties": { "bikenet_hierarchy": "primary", "road_hierarchy": "primary", "length": 1098.6711288539816 }, "geometry": { "type": "LineString", "coordinates": [ [ 594652.913594215177, 1128577.93553693476133 ], [ 594547.968772771651857, 1128348.000685995910317 ], [ 594495.889147462905385, 1128228.834090570453554 ], [ 594444.530846208683215, 1128106.787140761502087 ], [ 594442.610860724002123, 1128102.1520027120132 ], [ 594403.118127479800023, 1128010.495787163730711 ], [ 594382.947532541700639, 1127962.933481868356466 ], [ 594363.326143226004206, 1127914.558916215552017 ], [ 594343.610307467286475, 1127867.441089365864173 ], [ 594341.462142320699058, 1127862.305816677166149 ], [ 594322.027787408791482, 1127818.067883822368458 ], [ 594301.644038198050112, 1127771.529142977204174 ], [ 594280.610538590466604, 1127721.54392033140175 ], [ 594264.220443559810519, 1127669.941498181084171 ], [ 594307.04660432646051, 1127567.936537452973425 ] ] } },
{ "type": "Feature", "properties": { "bikenet_hierarchy": "secondary", "road_hierarchy": "secondary", "length": 809.70580164029604 }, "geometry": { "type": "LineString", "coordinates": [ [ 601126.330350875738077, 1126257.175731452414766 ], [ 601150.60279537725728, 1126273.471455400809646 ], [ 601188.792561506968923, 1126291.771746761631221 ], [ 601194.135982611682266, 1126294.541753966594115 ], [ 601210.335148497950286, 1126302.373677250463516 ], [ 601226.255426241434179, 1126309.727424131473526 ], [ 601299.624401637120172, 1126344.849661132553592 ], [ 601311.98454608512111, 1126350.957401098916307 ], [ 601374.526292307651602, 1126381.329890643246472 ], [ 601409.668565860018134, 1126398.396647401154041 ], [ 601425.419346600305289, 1126406.251330780796707 ], [ 601438.615952685824595, 1126412.670924414414912 ], [ 601487.468129416462034, 1126436.258011425379664 ], [ 601507.835359033429995, 1126445.915586566086859 ], [ 601519.901527653913945, 1126451.656750227091834 ], [ 601560.415382812963799, 1126471.316877558361739 ], [ 601587.057538648601621, 1126484.067848669365048 ], [ 601619.233463117387146, 1126499.478218615287915 ], [ 601675.52613323321566, 1126526.738714791368693 ], [ 601785.086222440935671, 1126579.336698821512982 ], [ 601821.069825715268962, 1126597.262581373564899 ], [ 601853.471972283557989, 1126612.718866775510833 ] ] } },
{ "type": "Feature", "properties": { "bikenet_hierarchy": "primary", "road_hierarchy": "secondary", "length": 771.17918926192419 }, "geometry": { "type": "LineString", "coordinates": [ [ 597442.030735937529244, 1127507.076154047623277 ], [ 597456.999159997794777, 1127500.230242596473545 ], [ 597467.799937386647798, 1127495.310096537461504 ], [ 597497.737196619505994, 1127482.152218605624512 ], [ 597502.675390420481563, 1127479.981518601067364 ], [ 597537.279551005107351, 1127464.786725322948769 ], [ 597539.943136286106892, 1127463.673503791447729 ], [ 597692.156760108075105, 1127396.741238005692139 ], [ 597703.992656336049549, 1127391.543108956888318 ], [ 597715.336933239828795, 1127386.545374918263406 ], [ 597770.597678065299988, 1127360.490126188844442 ], [ 597777.069621333270334, 1127357.429430050775409 ], [ 597786.638366082916036, 1127353.477863192325458 ], [ 597936.047916470328346, 1127288.833083048462868 ], [ 597948.838153368327767, 1127283.023507087025791 ], [ 597961.921994990319945, 1127277.224969812901691 ], [ 598024.950301823439077, 1127251.847658537561074 ], [ 598048.520816073520109, 1127242.020012639695778 ], [ 598060.577584096114151, 1127236.889287485508248 ], [ 598079.334331645746715, 1127229.187449316726997 ], [ 598110.85958615434356, 1127215.420718809356913 ], [ 598136.455541351111606, 1127182.818758795736358 ] ] } },
{ "type": "Feature", "properties": { "bikenet_hierarchy": "secondary", "road_hierarchy": "tertiary", "length": 242.14811869390138 }, "geometry": { "type": "LineString", "coordinates": [ [ 602554.984806033084169, 1132090.209574327338487 ], [ 602545.238106584525667, 1132092.873992414213717 ], [ 602536.056268352083862, 1132095.060517297126353 ], [ 602324.526921656681225, 1132138.293394640553743 ], [ 602318.095202113850974, 1132140.18117049173452 ] ] } },
{ "type": "Feature", "properties": { "bikenet_hierarchy": "primary", "road_hierarchy": "primary", "length": 1055.0844687641393 }, "geometry": { "type": "LineString", "coordinates": [ [ 603345.982191868009977, 1125021.61790751433 ], [ 603327.565658481791615, 1125012.510722018079832 ], [ 603231.034512866404839, 1124963.614882549736649 ], [ 602992.35685694438871, 1124848.93461875920184 ], [ 602944.927538262796588, 1124827.892605237662792 ], [ 602828.062973305932246, 1124769.029583576368168 ], [ 602812.845573950442486, 1124761.093329516472295 ], [ 602690.420907420106232, 1124699.750659057870507 ], [ 602668.089939667843282, 1124687.652493647998199 ], [ 602653.01876518514473, 1124680.094832224305719 ], [ 602593.063429296016693, 1124651.288122885860503 ], [ 602580.561456650029868, 1124645.021772362524644 ], [ 602572.243913967162371, 1124640.870175763964653 ], [ 602569.659821085049771, 1124639.579066343838349 ], [ 602544.956873913179152, 1124626.87983320094645 ], [ 602491.675484516774304, 1124597.187624028418213 ], [ 602442.782226800103672, 1124572.991158180171624 ], [ 602416.316079872427508, 1124561.003425274277106 ], [ 602399.119946994120255, 1124558.527440117206424 ] ] } },
{ "type": "Feature", "properties": { "bikenet_hierarchy": "secondary", "road_hierarchy": "tertiary", "length": 668.93029431966886 }, "geometry": { "type": "LineString", "coordinates": [ [ 603345.982191868009977, 1125021.61790751433 ], [ 603272.067799870739691, 1125083.124226906336844 ], [ 603259.521971383015625, 1125092.190952458651736 ], [ 603252.423616347135976, 1125102.128223355859518 ], [ 603203.443465403863229, 1125179.707378288265318 ], [ 603197.020462547312491, 1125190.234470595605671 ], [ 603191.001879837014712, 1125199.738749363692477 ], [ 603167.074527740711346, 1125237.87833354040049 ], [ 603148.299055530922487, 1125267.425054257269949 ], [ 603140.936210835236125, 1125278.440970428753644 ], [ 603135.880673487088643, 1125286.055427443468943 ], [ 603111.064501427812502, 1125326.363179198233411 ], [ 603104.51741215470247, 1125336.200862756930292 ], [ 603099.182531991624273, 1125344.63808734389022 ], [ 603064.351450640941039, 1125400.542058570310473 ], [ 603058.274263515369967, 1125410.64693511580117 ], [ 603051.867030855850317, 1125420.173393529606983 ], [ 603022.18068137508817, 1125467.573534948984161 ], [ 603003.472421627608128, 1125497.899188543437049 ], [ 602998.732966562965885, 1125505.513938881689683 ], [ 602966.674361475510523, 1125556.37146843620576 ], [ 602961.986731763696298, 1125563.352431042119861 ] ] } },
{ "type": "Feature", "properties": { "bikenet_hierarchy": "primary", "road_hierarchy": "primary", "length": 557.9664249234429 }, "geometry": { "type": "LineString", "coordinates": [ [ 597150.20475202461239, 1131873.040643619373441 ], [ 597401.227690003579482, 1132038.370445267297328 ], [ 597404.293948743841611, 1132040.570754362735897 ], [ 597417.190573892672546, 1132051.417804683092982 ], [ 597468.92046600964386, 1132088.901467047864571 ], [ 597526.18846614996437, 1132131.776326137129217 ], [ 597534.521289439871907, 1132137.588333931285888 ], [ 597578.14461808919441, 1132170.22835526545532 ], [ 597594.956535052275285, 1132181.529992057941854 ], [ 597608.255240460857749, 1132191.19857858074829 ] ] } },
{ "type": "Feature", "properties": { "bikenet_hierarchy": "primary", "road_hierarchy": "primary", "length": 831.47046440571637 }, "geometry": { "type": "LineString", "coordinates": [ [ 598294.998141238698736, 1132659.215886286925524 ], [ 598282.611603205674328, 1132651.558093420695513 ], [ 598194.489262988907285, 1132596.520304112462327 ], [ 598186.722889373078942, 1132592.11936283390969 ], [ 598175.142637578304857, 1132584.561619405634701 ], [ 598165.271404785220511, 1132578.827012203866616 ], [ 597990.911265185452066, 1132466.565216354792938 ], [ 597809.32050004217308, 1132333.973190503194928 ], [ 597782.14530008553993, 1132314.991162926889956 ], [ 597689.630467822076753, 1132249.443614141317084 ], [ 597622.096277559990995, 1132200.299833455821499 ], [ 597619.639106370857917, 1132198.755221186438575 ], [ 597608.255240460857749, 1132191.19857858074829 ] ] } },
{ "type": "Feature", "properties": { "bikenet_hierarchy": "secondary", "road_hierarchy": "secondary", "length": 561.1256490856224 }, "geometry": { "type": "LineString", "coordinates": [ [ 595164.349791922955774, 1128657.917026013834402 ], [ 595145.337842345936224, 1128657.411223090486601 ], [ 595137.527489568339661, 1128653.77076583285816 ], [ 595123.352017363649793, 1128646.232833210611716 ], [ 594881.464286832720973, 1128514.257941343821585 ], [ 594866.652344839763828, 1128509.512408466776833 ], [ 594853.420202386914752, 1128507.12289233179763 ], [ 594739.843760150484741, 1128541.89223925746046 ], [ 594728.386967414640822, 1128546.718266937183216 ], [ 594715.133243312593549, 1128552.346700595226139 ], [ 594652.913594215177, 1128577.93553693476133 ] ] } },
{ "type": "Feature", "properties": { "bikenet_hierarchy": "primary", "road_hierarchy": "primary", "length": 484.94004975454459 }, "geometry": { "type": "LineString", "coordinates": [ [ 600548.204779272666201, 1133068.289305963553488 ], [ 600433.60408082511276, 1133062.319841883378103 ], [ 600319.237587383831851, 1133059.688795522321016 ], [ 600305.520075981272385, 1133058.865263340761885 ], [ 600207.986997678061016, 1133055.192027306417003 ], [ 600159.751898802001961, 1133056.325131159508601 ], [ 600138.013504753704183, 1133055.546345572220162 ], [ 600086.442531457752921, 1133053.666492717573419 ], [ 600063.685015890281647, 1133051.764863685006276 ] ] } },
{ "type": "Feature", "properties": { "bikenet_hierarchy": "primary", "road_hierarchy": "tertiary", "length": 694.99016841237301 }, "geometry": { "type": "LineString", "coordinates": [ [ 599672.77825461991597, 1129263.01564463111572 ], [ 599232.160484230611473, 1129479.471773125696927 ], [ 599167.546431549591944, 1129511.474272090243176 ], [ 599160.922187952091917, 1129514.600085108540952 ], [ 599096.543445749906823, 1129545.013201538007706 ], [ 599064.522151174605824, 1129555.049163772026077 ], [ 599044.977528341230936, 1129551.371938280295581 ] ] } }
]
}
